trip_id,service,direction,destination,本通,県庁前,城北,新白島,白島,牛田,不動院前,祇園新橋北,西原,中筋,古市,大町,毘沙門台,安東,上安,高取,長楽寺,伴,大原,伴中央,大塚,広域公園前
H_KUDARI_001,holiday,広域公園前方面,広域公園前,06:02,06:03,06:05,06:07,06:08,06:09,06:11,06:13,06:15,06:17,06:19,06:20,06:22,06:24,06:26,06:27,06:29,06:31,06:33,06:35,06:37,06:39
H_KUDARI_002,holiday,広域公園前方面,広域公園前,06:22,06:23,06:26,06:27,06:28,06:30,06:32,06:34,06:36,06:37,06:39,06:41,06:43,06:45,06:46,06:48,06:50,06:52,06:54,06:56,06:58,06:59
H_KUDARI_003,holiday,広域公園前方面,広域公園前,06:41,06:42,06:45,06:46,06:47,06:49,06:51,06:53,06:55,06:56,06:58,07:00,07:02,07:04,07:05,07:07,07:09,07:11,07:13,07:15,07:17,07:18
H_KUDARI_004,holiday,広域公園前方面,広域公園前,06:54,06:55,06:58,06:59,07:00,07:02,07:04,07:06,07:08,07:09,07:11,07:13,07:15,07:17,07:18,07:20,07:22,07:24,07:26,07:28,07:30,07:31
H_KUDARI_005,holiday,広域公園前方面,広域公園前,07:07,07:08,07:11,07:12,07:13,07:15,07:17,07:19,07:21,07:22,07:24,07:26,07:28,07:30,07:31,07:33,07:35,07:37,07:39,07:41,07:43,07:44
H_KUDARI_006,holiday,広域公園前方面,広域公園前,07:20,07:21,07:24,07:25,07:26,07:28,07:30,07:32,07:34,07:35,07:37,07:39,07:41,07:43,07:44,07:46,07:48,07:50,07:52,07:54,07:56,07:57
H_KUDARI_007,holiday,広域公園前方面,広域公園前,07:31,07:32,07:35,07:36,07:37,07:39,07:41,07:43,07:45,07:46,07:48,07:50,07:52,07:54,07:55,07:57,07:59,08:01,08:03,08:05,08:07,08:08
H_KUDARI_008,holiday,広域公園前方面,広域公園前,07:41,07:42,07:45,07:46,07:47,07:49,07:51,07:53,07:55,07:56,07:58,08:00,08:02,08:04,08:05,08:07,08:09,08:11,08:13,08:15,08:17,08:18
H_KUDARI_009,holiday,広域公園前方面,広域公園前,07:51,07:52,07:55,07:56,07:57,07:59,08:01,08:03,08:05,08:06,08:08,08:10,08:12,08:14,08:15,08:17,08:19,08:21,08:23,08:25,08:27,08:28
H_KUDARI_010,holiday,広域公園前方面,広域公園前,08:00,08:01,08:04,08:05,08:06,08:08,08:10,08:12,08:14,08:15,08:17,08:19,08:21,08:23,08:24,08:26,08:28,08:30,08:32,08:34,08:36,08:37
H_KUDARI_011,holiday,広域公園前方面,広域公園前,08:09,08:10,08:13,08:14,08:15,08:17,08:19,08:21,08:23,08:24,08:26,08:28,08:30,08:32,08:33,08:35,08:37,08:39,08:41,08:43,08:45,08:46
H_KUDARI_012,holiday,広域公園前方面,広域公園前,08:17,08:18,08:21,08:22,08:23,08:25,08:27,08:29,08:31,08:32,08:34,08:36,08:38,08:40,08:41,08:43,08:45,08:47,08:49,08:51,08:53,08:54
H_KUDARI_013,holiday,広域公園前方面,広域公園前,08:25,08:26,08:29,08:30,08:31,08:33,08:35,08:37,08:39,08:40,08:42,08:44,08:46,08:48,08:49,08:51,08:53,08:55,08:57,08:59,09:01,09:02
H_KUDARI_014,holiday,広域公園前方面,長楽寺,08:32,08:33,08:36,08:37,08:38,08:40,08:42,08:44,08:46,08:47,08:49,08:51,08:53,08:55,08:56,08:58,08:59,,,,,
H_KUDARI_015,holiday,広域公園前方面,広域公園前,08:39,08:40,08:43,08:44,08:45,08:47,08:49,08:51,08:53,08:54,08:56,08:58,09:00,09:02,09:03,09:05,09:07,09:09,09:11,09:13,09:15,09:16
H_KUDARI_016,holiday,広域公園前方面,長楽寺,08:47,08:48,08:51,08:52,08:53,08:55,08:57,08:59,09:01,09:02,09:04,09:06,09:08,09:10,09:11,09:13,09:14,,,,,
H_KUDARI_017,holiday,広域公園前方面,広域公園前,08:55,08:56,08:59,09:00,09:01,09:03,09:05,09:07,09:09,09:10,09:12,09:14,09:16,09:18,09:19,09:21,09:23,09:25,09:27,09:29,09:31,09:32
H_KUDARI_018,holiday,広域公園前方面,広域公園前,09:05,09:06,09:09,09:10,09:11,09:13,09:15,09:17,09:19,09:20,09:22,09:24,09:26,09:28,09:29,09:31,09:33,09:35,09:37,09:39,09:41,09:42
H_KUDARI_019,holiday,広域公園前方面,広域公園前,09:15,09:16,09:19,09:20,09:21,09:23,09:25,09:27,09:29,09:30,09:32,09:34,09:36,09:38,09:39,09:41,09:43,09:45,09:47,09:49,09:51,09:52
H_KUDARI_020,holiday,広域公園前方面,広域公園前,09:25,09:26,09:29,09:30,09:31,09:33,09:35,09:37,09:39,09:40,09:42,09:44,09:46,09:48,09:49,09:51,09:53,09:55,09:57,09:59,10:01,10:02
H_KUDARI_021,holiday,広域公園前方面,広域公園前,09:35,09:36,09:39,09:40,09:41,09:43,09:45,09:47,09:49,09:50,09:52,09:54,09:56,09:58,09:59,10:01,10:03,10:05,10:07,10:09,10:11,10:12
H_KUDARI_022,holiday,広域公園前方面,広域公園前,09:45,09:46,09:49,09:50,09:51,09:53,09:55,09:57,09:59,10:00,10:02,10:04,10:06,10:08,10:09,10:11,10:13,10:15,10:17,10:19,10:21,10:22
H_KUDARI_023,holiday,広域公園前方面,広域公園前,09:55,09:56,09:59,10:00,10:01,10:03,10:05,10:07,10:09,10:10,10:12,10:14,10:16,10:18,10:19,10:21,10:23,10:25,10:27,10:29,10:31,10:32
H_KUDARI_024,holiday,広域公園前方面,広域公園前,10:05,10:06,10:09,10:10,10:11,10:13,10:15,10:17,10:19,10:20,10:22,10:24,10:26,10:28,10:29,10:31,10:33,10:35,10:37,10:39,10:41,10:42
H_KUDARI_025,holiday,広域公園前方面,広域公園前,10:15,10:16,10:19,10:20,10:21,10:23,10:25,10:27,10:29,10:30,10:32,10:34,10:36,10:38,10:39,10:41,10:43,10:45,10:47,10:49,10:51,10:52
H_KUDARI_026,holiday,広域公園前方面,広域公園前,10:25,10:26,10:29,10:30,10:31,10:33,10:35,10:37,10:39,10:40,10:42,10:44,10:46,10:48,10:49,10:51,10:53,10:55,10:57,10:59,11:01,11:02
H_KUDARI_027,holiday,広域公園前方面,長楽寺,10:35,10:36,10:39,10:40,10:41,10:43,10:45,10:47,10:49,10:50,10:52,10:54,10:56,10:58,10:59,11:01,11:02,,,,,
H_KUDARI_028,holiday,広域公園前方面,広域公園前,10:45,10:46,10:49,10:50,10:51,10:53,10:55,10:57,10:59,11:00,11:02,11:04,11:06,11:08,11:09,11:11,11:13,11:15,11:17,11:19,11:21,11:22
H_KUDARI_029,holiday,広域公園前方面,長楽寺,10:55,10:56,10:59,11:00,11:01,11:03,11:05,11:07,11:09,11:10,11:12,11:14,11:16,11:18,11:19,11:21,11:22,,,,,
H_KUDARI_030,holiday,広域公園前方面,広域公園前,11:05,11:06,11:09,11:10,11:11,11:13,11:15,11:17,11:19,11:20,11:22,11:24,11:26,11:28,11:29,11:31,11:33,11:35,11:37,11:39,11:41,11:42
H_KUDARI_031,holiday,広域公園前方面,長楽寺,11:15,11:16,11:19,11:20,11:21,11:23,11:25,11:27,11:29,11:30,11:32,11:34,11:36,11:38,11:39,11:41,11:42,,,,,
H_KUDARI_032,holiday,広域公園前方面,広域公園前,11:25,11:26,11:29,11:30,11:31,11:33,11:35,11:37,11:39,11:40,11:42,11:44,11:46,11:48,11:49,11:51,11:53,11:55,11:57,11:59,12:01,12:02
H_KUDARI_033,holiday,広域公園前方面,長楽寺,11:35,11:36,11:39,11:40,11:41,11:43,11:45,11:47,11:49,11:50,11:52,11:54,11:56,11:58,11:59,12:01,12:02,,,,,
H_KUDARI_034,holiday,広域公園前方面,広域公園前,11:45,11:46,11:49,11:50,11:51,11:53,11:55,11:57,11:59,12:00,12:02,12:04,12:06,12:08,12:09,12:11,12:13,12:15,12:17,12:19,12:21,12:22
H_KUDARI_035,holiday,広域公園前方面,長楽寺,11:55,11:56,11:59,12:00,12:01,12:03,12:05,12:07,12:09,12:10,12:12,12:14,12:16,12:18,12:19,12:21,12:22,,,,,
H_KUDARI_036,holiday,広域公園前方面,広域公園前,12:05,12:06,12:09,12:10,12:11,12:13,12:15,12:17,12:19,12:20,12:22,12:24,12:26,12:28,12:29,12:31,12:33,12:35,12:37,12:39,12:41,12:42
H_KUDARI_037,holiday,広域公園前方面,広域公園前,12:15,12:16,12:19,12:20,12:21,12:23,12:25,12:27,12:29,12:30,12:32,12:34,12:36,12:38,12:39,12:41,12:43,12:45,12:47,12:49,12:51,12:52
H_KUDARI_038,holiday,広域公園前方面,広域公園前,12:25,12:26,12:29,12:30,12:31,12:33,12:35,12:37,12:39,12:40,12:42,12:44,12:46,12:48,12:49,12:51,12:53,12:55,12:57,12:59,13:01,13:02
H_KUDARI_039,holiday,広域公園前方面,広域公園前,12:35,12:36,12:39,12:40,12:41,12:43,12:45,12:47,12:49,12:50,12:52,12:54,12:56,12:58,12:59,13:01,13:03,13:05,13:07,13:09,13:11,13:12
H_KUDARI_040,holiday,広域公園前方面,広域公園前,12:45,12:46,12:49,12:50,12:51,12:53,12:55,12:57,12:59,13:00,13:02,13:04,13:06,13:08,13:09,13:11,13:13,13:15,13:17,13:19,13:21,13:22
H_KUDARI_041,holiday,広域公園前方面,広域公園前,12:55,12:56,12:59,13:00,13:01,13:03,13:05,13:07,13:09,13:10,13:12,13:14,13:16,13:18,13:19,13:21,13:23,13:25,13:27,13:29,13:31,13:32
H_KUDARI_042,holiday,広域公園前方面,広域公園前,13:05,13:06,13:09,13:10,13:11,13:13,13:15,13:17,13:19,13:20,13:22,13:24,13:26,13:28,13:29,13:31,13:33,13:35,13:37,13:39,13:41,13:42
H_KUDARI_043,holiday,広域公園前方面,広域公園前,13:15,13:16,13:19,13:20,13:21,13:23,13:25,13:27,13:29,13:30,13:32,13:34,13:36,13:38,13:39,13:41,13:43,13:45,13:47,13:49,13:51,13:52
H_KUDARI_044,holiday,広域公園前方面,広域公園前,13:25,13:26,13:29,13:30,13:31,13:33,13:35,13:37,13:39,13:40,13:42,13:44,13:46,13:48,13:49,13:51,13:53,13:55,13:57,13:59,14:01,14:02
H_KUDARI_045,holiday,広域公園前方面,広域公園前,13:35,13:36,13:39,13:40,13:41,13:43,13:45,13:47,13:49,13:50,13:52,13:54,13:56,13:58,13:59,14:01,14:03,14:05,14:07,14:09,14:11,14:12
H_KUDARI_046,holiday,広域公園前方面,広域公園前,13:45,13:46,13:49,13:50,13:51,13:53,13:55,13:57,13:59,14:00,14:02,14:04,14:06,14:08,14:09,14:11,14:13,14:15,14:17,14:19,14:21,14:22
H_KUDARI_047,holiday,広域公園前方面,広域公園前,13:55,13:56,13:59,14:00,14:01,14:03,14:05,14:07,14:09,14:10,14:12,14:14,14:16,14:18,14:19,14:21,14:23,14:25,14:27,14:29,14:31,14:32
H_KUDARI_048,holiday,広域公園前方面,広域公園前,14:05,14:06,14:09,14:10,14:11,14:13,14:15,14:17,14:19,14:20,14:22,14:24,14:26,14:28,14:29,14:31,14:33,14:35,14:37,14:39,14:41,14:42
H_KUDARI_049,holiday,広域公園前方面,広域公園前,14:15,14:16,14:19,14:20,14:21,14:23,14:25,14:27,14:29,14:30,14:32,14:34,14:36,14:38,14:39,14:41,14:43,14:45,14:47,14:49,14:51,14:52
H_KUDARI_050,holiday,広域公園前方面,広域公園前,14:25,14:26,14:29,14:30,14:31,14:33,14:35,14:37,14:39,14:40,14:42,14:44,14:46,14:48,14:49,14:51,14:53,14:55,14:57,14:59,15:01,15:02
H_KUDARI_051,holiday,広域公園前方面,広域公園前,14:35,14:36,14:39,14:40,14:41,14:43,14:45,14:47,14:49,14:50,14:52,14:54,14:56,14:58,14:59,15:01,15:03,15:05,15:07,15:09,15:11,15:12
H_KUDARI_052,holiday,広域公園前方面,広域公園前,14:45,14:46,14:49,14:50,14:51,14:53,14:55,14:57,14:59,15:00,15:02,15:04,15:06,15:08,15:09,15:11,15:13,15:15,15:17,15:19,15:21,15:22
H_KUDARI_053,holiday,広域公園前方面,広域公園前,14:55,14:56,14:59,15:00,15:01,15:03,15:05,15:07,15:09,15:10,15:12,15:14,15:16,15:18,15:19,15:21,15:23,15:25,15:27,15:29,15:31,15:32
H_KUDARI_054,holiday,広域公園前方面,広域公園前,15:05,15:06,15:09,15:10,15:11,15:13,15:15,15:17,15:19,15:20,15:22,15:24,15:26,15:28,15:29,15:31,15:33,15:35,15:37,15:39,15:41,15:42
H_KUDARI_055,holiday,広域公園前方面,広域公園前,15:15,15:16,15:19,15:20,15:21,15:23,15:25,15:27,15:29,15:30,15:32,15:34,15:36,15:38,15:39,15:41,15:43,15:45,15:47,15:49,15:51,15:52
H_KUDARI_056,holiday,広域公園前方面,広域公園前,15:25,15:26,15:29,15:30,15:31,15:33,15:35,15:37,15:39,15:40,15:42,15:44,15:46,15:48,15:49,15:51,15:53,15:55,15:57,15:59,16:01,16:02
H_KUDARI_057,holiday,広域公園前方面,広域公園前,15:35,15:36,15:39,15:40,15:41,15:43,15:45,15:47,15:49,15:50,15:52,15:54,15:56,15:58,15:59,16:01,16:03,16:05,16:07,16:09,16:11,16:12
H_KUDARI_058,holiday,広域公園前方面,広域公園前,15:45,15:46,15:49,15:50,15:51,15:53,15:55,15:57,15:59,16:00,16:02,16:04,16:06,16:08,16:09,16:11,16:13,16:15,16:17,16:19,16:21,16:22
H_KUDARI_059,holiday,広域公園前方面,広域公園前,15:55,15:56,15:59,16:00,16:01,16:03,16:05,16:07,16:09,16:10,16:12,16:14,16:16,16:18,16:19,16:21,16:23,16:25,16:27,16:29,16:31,16:32
H_KUDARI_060,holiday,広域公園前方面,広域公園前,16:05,16:06,16:09,16:10,16:11,16:13,16:15,16:17,16:19,16:20,16:22,16:24,16:26,16:28,16:29,16:31,16:33,16:35,16:37,16:39,16:41,16:42
H_KUDARI_061,holiday,広域公園前方面,広域公園前,16:15,16:16,16:19,16:20,16:21,16:23,16:25,16:27,16:29,16:30,16:32,16:34,16:36,16:38,16:39,16:41,16:43,16:45,16:47,16:49,16:51,16:52
H_KUDARI_062,holiday,広域公園前方面,広域公園前,16:25,16:26,16:29,16:30,16:31,16:33,16:35,16:37,16:39,16:40,16:42,16:44,16:46,16:48,16:49,16:51,16:53,16:55,16:57,16:59,17:01,17:02
H_KUDARI_063,holiday,広域公園前方面,広域公園前,16:35,16:36,16:39,16:40,16:41,16:43,16:45,16:47,16:49,16:50,16:52,16:54,16:56,16:58,16:59,17:01,17:03,17:05,17:07,17:09,17:11,17:12
H_KUDARI_064,holiday,広域公園前方面,広域公園前,16:45,16:46,16:49,16:50,16:51,16:53,16:55,16:57,16:59,17:00,17:02,17:04,17:06,17:08,17:09,17:11,17:13,17:15,17:17,17:19,17:21,17:22
H_KUDARI_065,holiday,広域公園前方面,広域公園前,16:55,16:56,16:59,17:00,17:01,17:03,17:05,17:07,17:09,17:10,17:12,17:14,17:16,17:18,17:19,17:21,17:23,17:25,17:27,17:29,17:31,17:32
H_KUDARI_066,holiday,広域公園前方面,広域公園前,17:05,17:06,17:09,17:10,17:11,17:13,17:15,17:17,17:19,17:20,17:22,17:24,17:26,17:28,17:30,17:31,17:33,17:35,17:37,17:39,17:41,17:43
H_KUDARI_067,holiday,広域公園前方面,広域公園前,17:15,17:16,17:19,17:20,17:21,17:23,17:25,17:27,17:29,17:30,17:32,17:34,17:36,17:38,17:40,17:41,17:43,17:45,17:47,17:49,17:51,17:53
H_KUDARI_068,holiday,広域公園前方面,広域公園前,17:25,17:26,17:29,17:30,17:31,17:33,17:35,17:37,17:39,17:40,17:42,17:44,17:46,17:48,17:50,17:51,17:53,17:55,17:57,17:59,18:01,18:03
H_KUDARI_069,holiday,広域公園前方面,広域公園前,17:35,17:36,17:39,17:40,17:41,17:43,17:45,17:47,17:49,17:50,17:52,17:54,17:56,17:58,18:00,18:01,18:03,18:05,18:07,18:09,18:11,18:13
H_KUDARI_070,holiday,広域公園前方面,広域公園前,17:45,17:46,17:49,17:50,17:51,17:53,17:55,17:57,17:59,18:00,18:02,18:04,18:06,18:08,18:10,18:11,18:13,18:15,18:17,18:19,18:21,18:23
H_KUDARI_071,holiday,広域公園前方面,広域公園前,17:55,17:56,17:59,18:00,18:01,18:03,18:05,18:07,18:09,18:10,18:12,18:14,18:16,18:18,18:20,18:21,18:23,18:25,18:27,18:29,18:31,18:33
H_KUDARI_072,holiday,広域公園前方面,広域公園前,18:05,18:06,18:09,18:10,18:11,18:13,18:15,18:17,18:19,18:20,18:22,18:24,18:26,18:28,18:30,18:31,18:33,18:35,18:37,18:39,18:41,18:43
H_KUDARI_073,holiday,広域公園前方面,広域公園前,18:15,18:16,18:19,18:20,18:21,18:23,18:25,18:27,18:29,18:30,18:32,18:34,18:36,18:38,18:40,18:41,18:43,18:45,18:47,18:49,18:51,18:53
H_KUDARI_074,holiday,広域公園前方面,広域公園前,18:25,18:26,18:29,18:30,18:31,18:33,18:35,18:37,18:39,18:40,18:42,18:44,18:46,18:48,18:50,18:51,18:53,18:55,18:57,18:59,19:01,19:03
H_KUDARI_075,holiday,広域公園前方面,広域公園前,18:35,18:36,18:39,18:40,18:41,18:43,18:45,18:47,18:49,18:50,18:52,18:54,18:56,18:58,19:00,19:01,19:03,19:05,19:07,19:09,19:11,19:13
H_KUDARI_076,holiday,広域公園前方面,広域公園前,18:45,18:46,18:49,18:50,18:51,18:53,18:55,18:57,18:59,19:00,19:02,19:04,19:06,19:08,19:10,19:11,19:13,19:15,19:17,19:19,19:21,19:23
H_KUDARI_077,holiday,広域公園前方面,広域公園前,18:55,18:56,18:59,19:00,19:01,19:03,19:05,19:07,19:09,19:10,19:12,19:14,19:16,19:18,19:20,19:21,19:23,19:25,19:27,19:29,19:31,19:33
H_KUDARI_078,holiday,広域公園前方面,広域公園前,19:05,19:06,19:09,19:10,19:11,19:13,19:15,19:17,19:19,19:20,19:22,19:24,19:26,19:28,19:30,19:31,19:33,19:35,19:37,19:39,19:41,19:43
H_KUDARI_079,holiday,広域公園前方面,広域公園前,19:15,19:16,19:19,19:20,19:21,19:23,19:25,19:27,19:29,19:30,19:32,19:34,19:36,19:38,19:40,19:41,19:43,19:45,19:47,19:49,19:51,19:53
H_KUDARI_080,holiday,広域公園前方面,広域公園前,19:25,19:26,19:29,19:30,19:31,19:33,19:35,19:37,19:39,19:40,19:42,19:44,19:46,19:48,19:50,19:51,19:53,19:55,19:57,19:59,20:01,20:03
H_KUDARI_081,holiday,広域公園前方面,広域公園前,19:35,19:36,19:39,19:40,19:41,19:43,19:45,19:47,19:49,19:50,19:52,19:54,19:56,19:58,20:00,20:01,20:03,20:05,20:07,20:09,20:11,20:13
H_KUDARI_082,holiday,広域公園前方面,広域公園前,19:46,19:47,19:50,19:51,19:52,19:54,19:56,19:58,20:00,20:01,20:03,20:05,20:07,20:09,20:11,20:12,20:14,20:16,20:18,20:20,20:22,20:24
H_KUDARI_083,holiday,広域公園前方面,広域公園前,19:58,19:59,20:02,20:03,20:04,20:06,20:08,20:10,20:12,20:13,20:15,20:17,20:19,20:21,20:23,20:24,20:26,20:28,20:30,20:32,20:34,20:36
H_KUDARI_084,holiday,広域公園前方面,広域公園前,20:10,20:11,20:14,20:15,20:16,20:18,20:20,20:22,20:24,20:25,20:27,20:29,20:31,20:33,20:35,20:36,20:38,20:40,20:42,20:44,20:46,20:48
H_KUDARI_085,holiday,広域公園前方面,広域公園前,20:22,20:23,20:26,20:27,20:28,20:30,20:32,20:34,20:36,20:37,20:39,20:41,20:43,20:45,20:47,20:48,20:50,20:52,20:54,20:56,20:58,21:00
H_KUDARI_086,holiday,広域公園前方面,広域公園前,20:34,20:35,20:38,20:39,20:40,20:42,20:44,20:46,20:48,20:49,20:51,20:53,20:55,20:57,20:59,21:00,21:02,21:04,21:06,21:08,21:10,21:12
H_KUDARI_087,holiday,広域公園前方面,広域公園前,20:47,20:48,20:51,20:52,20:53,20:55,20:57,20:59,21:01,21:02,21:04,21:06,21:08,21:10,21:12,21:13,21:15,21:17,21:19,21:21,21:23,21:25
H_KUDARI_088,holiday,広域公園前方面,広域公園前,21:01,21:02,21:05,21:06,21:07,21:09,21:11,21:13,21:15,21:16,21:18,21:20,21:22,21:24,21:26,21:27,21:29,21:31,21:33,21:35,21:37,21:39
H_KUDARI_089,holiday,広域公園前方面,広域公園前,21:16,21:17,21:20,21:21,21:22,21:24,21:26,21:28,21:30,21:31,21:33,21:35,21:37,21:39,21:41,21:42,21:44,21:46,21:48,21:50,21:52,21:54
H_KUDARI_090,holiday,広域公園前方面,広域公園前,21:31,21:32,21:35,21:36,21:37,21:39,21:41,21:43,21:45,21:46,21:48,21:50,21:52,21:54,21:56,21:57,21:59,22:01,22:03,22:05,22:07,22:09
H_KUDARI_091,holiday,広域公園前方面,広域公園前,21:46,21:47,21:50,21:51,21:52,21:54,21:56,21:58,22:00,22:01,22:03,22:05,22:07,22:09,22:11,22:12,22:14,22:16,22:18,22:20,22:22,22:24
H_KUDARI_092,holiday,広域公園前方面,広域公園前,22:01,22:02,22:05,22:06,22:07,22:09,22:11,22:13,22:15,22:16,22:18,22:20,22:22,22:24,22:26,22:27,22:29,22:31,22:33,22:35,22:37,22:39
H_KUDARI_093,holiday,広域公園前方面,広域公園前,22:16,22:17,22:20,22:21,22:22,22:24,22:26,22:28,22:30,22:31,22:33,22:35,22:37,22:39,22:41,22:42,22:44,22:46,22:48,22:50,22:52,22:54
H_KUDARI_094,holiday,広域公園前方面,広域公園前,22:31,22:32,22:35,22:36,22:37,22:39,22:41,22:43,22:45,22:46,22:48,22:50,22:52,22:54,22:56,22:57,22:59,23:01,23:03,23:05,23:07,23:09
H_KUDARI_095,holiday,広域公園前方面,広域公園前,22:46,22:47,22:50,22:51,22:52,22:54,22:56,22:58,23:00,23:01,23:03,23:05,23:07,23:09,23:11,23:12,23:14,23:16,23:18,23:20,23:22,23:24
H_KUDARI_096,holiday,広域公園前方面,広域公園前,23:01,23:02,23:05,23:06,23:07,23:09,23:11,23:13,23:15,23:16,23:18,23:20,23:22,23:24,23:26,23:27,23:29,23:31,23:33,23:35,23:37,23:39
H_KUDARI_097,holiday,広域公園前方面,広域公園前,23:16,23:17,23:20,23:21,23:22,23:24,23:26,23:28,23:30,23:31,23:33,23:35,23:37,23:39,23:41,23:42,23:44,23:46,23:48,23:50,23:52,23:54
H_KUDARI_098,holiday,広域公園前方面,広域公園前,23:31,23:32,23:35,23:36,23:37,23:39,23:41,23:43,23:45,23:46,23:48,23:50,23:52,23:54,23:56,23:57,23:59,24:01,24:03,24:05,24:07,24:09
H_KUDARI_099,holiday,広域公園前方面,広域公園前,23:46,23:47,23:50,23:51,23:52,23:54,23:56,23:58,24:00,24:01,24:03,24:05,24:07,24:09,24:11,24:12,24:14,24:16,24:18,24:20,24:22,24:24
H_KUDARI_100,holiday,広域公園前方面,長楽寺,23:59,24:00,24:03,24:04,24:05,24:07,24:09,24:11,24:13,24:14,24:16,24:18,24:20,24:22,24:24,24:25,24:26,,,,,
H_KUDARI_101,holiday,広域公園前方面,長楽寺,24:11,24:12,24:14,24:15,24:17,24:18,24:20,24:22,24:24,24:26,24:28,24:29,24:32,24:33,24:35,24:36,24:38,,,,,
H_NOBORI_001,holiday,本通方面,本通,06:05,06:04,06:02,06:01,05:59,05:58,05:56,05:54,05:52,05:50,05:49,05:47,05:45,05:43,05:42,05:40,,,,,,05:39
H_NOBORI_002,holiday,本通方面,本通,06:26,06:25,06:23,06:21,06:20,06:18,06:16,06:14,06:12,06:10,06:08,06:07,06:05,06:03,06:01,06:00,05:58,05:56,05:54,05:52,05:50,05:48
H_NOBORI_003,holiday,本通方面,本通,06:44,06:43,06:41,06:39,06:38,06:36,06:34,06:32,06:30,06:28,06:26,06:25,06:23,06:21,06:19,06:18,06:16,06:14,06:12,06:10,06:08,06:06
H_NOBORI_004,holiday,本通方面,本通,07:01,07:00,06:58,06:56,06:55,06:53,06:51,06:49,06:47,06:45,06:43,06:42,06:40,06:38,06:36,06:35,06:33,06:31,06:29,06:27,06:25,06:23
H_NOBORI_005,holiday,本通方面,本通,07:14,07:13,07:11,07:09,07:08,07:06,07:04,07:02,07:00,06:58,06:56,06:55,06:53,06:51,06:49,06:48,06:46,06:44,06:42,06:40,06:38,06:36
H_NOBORI_006,holiday,本通方面,本通,07:26,07:25,07:23,07:21,07:20,07:18,07:16,07:14,07:12,07:10,07:08,07:07,07:05,07:03,07:01,07:00,06:58,06:56,06:54,06:52,06:50,06:48
H_NOBORI_007,holiday,本通方面,本通,07:36,07:35,07:33,07:31,07:30,07:28,07:26,07:24,07:22,07:20,07:18,07:17,07:15,07:13,07:11,07:10,07:08,07:06,07:04,07:02,07:00,06:58
H_NOBORI_008,holiday,本通方面,本通,07:46,07:45,07:43,07:41,07:40,07:38,07:36,07:34,07:32,07:30,07:28,07:27,07:25,07:23,07:21,07:20,07:18,07:16,07:14,07:12,07:10,07:08
H_NOBORI_009,holiday,本通方面,本通,07:55,07:54,07:52,07:50,07:49,07:47,07:45,07:43,07:41,07:39,07:37,07:36,07:34,07:32,07:30,07:29,07:27,07:25,07:23,07:21,07:19,07:17
H_NOBORI_010,holiday,本通方面,本通,08:04,08:03,08:01,07:59,07:58,07:56,07:54,07:52,07:50,07:48,07:46,07:45,07:43,07:41,07:39,07:38,07:36,07:34,07:32,07:30,07:28,07:26
H_NOBORI_011,holiday,本通方面,本通,08:12,08:11,08:09,08:07,08:06,08:04,08:02,08:00,07:58,07:56,07:54,07:53,07:51,07:49,07:47,07:46,07:44,07:42,07:40,07:38,07:36,07:34
H_NOBORI_012,holiday,本通方面,本通,08:20,08:19,08:17,08:15,08:14,08:12,08:10,08:08,08:06,08:04,08:02,08:01,07:59,07:57,07:55,07:54,07:52,07:50,07:48,07:46,07:44,07:42
H_NOBORI_013,holiday,本通方面,本通,08:28,08:27,08:25,08:23,08:22,08:20,08:18,08:16,08:14,08:12,08:10,08:09,08:07,08:05,08:03,08:02,08:00,07:58,07:56,07:54,07:52,07:50
H_NOBORI_014,holiday,本通方面,本通,08:36,08:35,08:33,08:31,08:30,08:28,08:26,08:24,08:22,08:20,08:18,08:17,08:15,08:13,08:11,08:10,08:08,08:06,08:04,08:02,08:00,07:58
H_NOBORI_015,holiday,本通方面,本通,08:44,08:43,08:41,08:39,08:38,08:36,08:34,08:32,08:30,08:28,08:26,08:25,08:23,08:21,08:19,08:18,08:16,08:14,08:12,08:10,08:08,08:06
H_NOBORI_016,holiday,本通方面,本通,08:52,08:51,08:49,08:47,08:46,08:44,08:42,08:40,08:38,08:36,08:34,08:33,08:31,08:29,08:27,08:26,08:24,08:22,08:20,08:18,08:16,08:14
H_NOBORI_017,holiday,本通方面,本通,09:00,08:59,08:57,08:55,08:54,08:52,08:50,08:48,08:46,08:44,08:42,08:41,08:39,08:37,08:35,08:34,08:32,08:30,08:28,08:26,08:24,08:22
H_NOBORI_018,holiday,本通方面,本通,09:08,09:07,09:05,09:03,09:02,09:00,08:58,08:56,08:54,08:52,08:50,08:49,08:47,08:45,08:43,08:42,08:40,08:38,08:36,08:34,08:32,08:30
H_NOBORI_019,holiday,本通方面,本通,09:17,09:16,09:14,09:12,09:11,09:09,09:07,09:05,09:03,09:01,08:59,08:58,08:56,08:54,08:52,08:51,08:49,08:47,08:45,08:43,08:41,08:39
H_NOBORI_020,holiday,本通方面,本通,09:27,09:26,09:24,09:22,09:21,09:19,09:17,09:15,09:13,09:11,09:09,09:08,09:06,09:04,09:02,09:01,08:59,08:57,08:55,08:53,08:51,08:49
H_NOBORI_021,holiday,本通方面,本通,09:37,09:36,09:34,09:32,09:31,09:29,09:27,09:25,09:23,09:21,09:19,09:18,09:16,09:14,09:12,09:11,09:09,09:07,09:05,09:03,09:01,08:59
H_NOBORI_022,holiday,本通方面,本通,09:47,09:46,09:44,09:43,09:41,09:39,09:37,09:35,09:33,09:32,09:30,09:28,09:26,09:24,09:23,09:21,09:20,09:17,09:16,09:14,09:11,09:09
H_NOBORI_023,holiday,本通方面,本通,09:57,09:56,09:54,09:53,09:51,09:49,09:47,09:45,09:43,09:42,09:40,09:38,09:36,09:34,09:33,09:31,09:30,09:27,09:26,09:24,09:21,09:19
H_NOBORI_024,holiday,本通方面,本通,10:07,10:06,10:04,10:03,10:01,09:59,09:57,09:55,09:53,09:52,09:50,09:48,09:46,09:44,09:43,09:41,09:40,09:37,09:36,09:34,09:31,09:29
H_NOBORI_025,holiday,本通方面,本通,10:17,10:16,10:14,10:13,10:11,10:09,10:07,10:05,10:03,10:02,10:00,09:58,09:56,09:54,09:53,09:51,09:50,09:47,09:46,09:44,09:41,09:39
H_NOBORI_026,holiday,本通方面,本通,10:27,10:26,10:24,10:23,10:21,10:19,10:17,10:15,10:13,10:12,10:10,10:08,10:06,10:04,10:03,10:01,10:00,09:57,09:56,09:54,09:51,09:49
H_NOBORI_027,holiday,本通方面,本通,10:37,10:36,10:34,10:33,10:31,10:29,10:27,10:25,10:23,10:22,10:20,10:18,10:16,10:14,10:13,10:11,10:10,10:07,10:06,10:04,10:01,09:59
H_NOBORI_028,holiday,本通方面,本通,10:47,10:46,10:44,10:43,10:41,10:39,10:37,10:35,10:33,10:32,10:30,10:28,10:26,10:24,10:23,10:21,10:20,10:17,10:16,10:14,10:11,10:09
H_NOBORI_029,holiday,本通方面,本通,10:57,10:56,10:54,10:53,10:51,10:49,10:47,10:45,10:43,10:42,10:40,10:38,10:36,10:34,10:33,10:31,10:30,10:27,10:26,10:24,10:21,10:19
H_NOBORI_030,holiday,本通方面,本通,11:07,11:06,11:04,11:03,11:01,10:59,10:57,10:55,10:53,10:52,10:50,10:48,10:46,10:44,10:43,10:41,10:40,10:37,10:36,10:34,10:31,10:29
H_NOBORI_031,holiday,本通方面,本通,11:17,11:16,11:14,11:13,11:11,11:09,11:07,11:05,11:03,11:02,11:00,10:58,10:56,10:54,10:53,10:51,10:50,10:47,10:46,10:44,10:41,10:39
H_NOBORI_032,holiday,本通方面,本通,11:27,11:26,11:24,11:23,11:21,11:19,11:17,11:15,11:13,11:12,11:10,11:08,11:06,11:04,11:03,11:01,11:00,10:57,10:56,10:54,10:51,10:49
H_NOBORI_033,holiday,本通方面,本通,11:37,11:36,11:34,11:33,11:31,11:29,11:27,11:25,11:23,11:22,11:20,11:18,11:16,11:14,11:13,11:11,11:10,11:07,11:06,11:04,11:01,10:59
H_NOBORI_034,holiday,本通方面,本通,11:47,11:46,11:44,11:43,11:41,11:39,11:37,11:35,11:33,11:32,11:30,11:28,11:26,11:24,11:23,11:21,11:20,11:17,11:16,11:14,11:11,11:09
H_NOBORI_036,holiday,本通方面,本通,12:07,12:06,12:04,12:03,12:01,11:59,11:57,11:55,11:53,11:52,11:50,11:48,11:46,11:44,11:43,11:41,11:40,11:37,11:36,11:34,11:31,11:29
H_NOBORI_035,holiday,本通方面,本通,11:57,11:56,11:54,11:53,11:51,11:49,11:47,11:45,11:43,11:42,11:40,11:38,11:36,11:34,11:33,11:31,,,,,,11:30
H_NOBORI_038,holiday,本通方面,本通,12:27,12:26,12:24,12:23,12:21,12:19,12:17,12:15,12:13,12:12,12:10,12:08,12:06,12:04,12:03,12:01,12:00,11:57,11:56,11:54,11:51,11:49
H_NOBORI_037,holiday,本通方面,本通,12:17,12:16,12:14,12:13,12:11,12:09,12:07,12:05,12:03,12:02,12:00,11:58,11:56,11:54,11:53,11:51,,,,,,11:50
H_NOBORI_040,holiday,本通方面,本通,12:47,12:46,12:44,12:43,12:41,12:39,12:37,12:35,12:33,12:32,12:30,12:28,12:26,12:24,12:23,12:21,12:20,12:17,12:16,12:14,12:11,12:09
H_NOBORI_039,holiday,本通方面,本通,12:37,12:36,12:34,12:33,12:31,12:29,12:27,12:25,12:23,12:22,12:20,12:18,12:16,12:14,12:13,12:11,,,,,,12:10
H_NOBORI_042,holiday,本通方面,本通,13:07,13:06,13:04,13:03,13:01,12:59,12:57,12:55,12:53,12:52,12:50,12:48,12:46,12:44,12:43,12:41,12:40,12:37,12:36,12:34,12:31,12:29
H_NOBORI_041,holiday,本通方面,本通,12:57,12:56,12:54,12:53,12:51,12:49,12:47,12:45,12:43,12:42,12:40,12:38,12:36,12:34,12:33,12:31,,,,,,12:30
H_NOBORI_044,holiday,本通方面,本通,13:27,13:26,13:24,13:23,13:21,13:19,13:17,13:15,13:13,13:12,13:10,13:08,13:06,13:04,13:03,13:01,13:00,12:57,12:56,12:54,12:51,12:49
H_NOBORI_043,holiday,本通方面,本通,13:17,13:16,13:14,13:13,13:11,13:09,13:07,13:05,13:03,13:02,13:00,12:58,12:56,12:54,12:53,12:51,,,,,,12:50
H_NOBORI_045,holiday,本通方面,本通,13:37,13:36,13:34,13:33,13:31,13:29,13:27,13:25,13:23,13:22,13:20,13:18,13:16,13:14,13:13,13:11,13:10,13:07,13:06,13:04,13:01,12:59
H_NOBORI_046,holiday,本通方面,本通,13:47,13:46,13:44,13:43,13:41,13:39,13:37,13:35,13:33,13:32,13:30,13:28,13:26,13:24,13:23,13:21,13:20,13:17,13:16,13:14,13:11,13:09
H_NOBORI_047,holiday,本通方面,本通,13:57,13:56,13:54,13:53,13:51,13:49,13:47,13:45,13:43,13:42,13:40,13:38,13:36,13:34,13:33,13:31,13:30,13:27,13:26,13:24,13:21,13:19
H_NOBORI_048,holiday,本通方面,本通,14:07,14:06,14:04,14:03,14:01,13:59,13:57,13:55,13:53,13:52,13:50,13:48,13:46,13:44,13:43,13:41,13:40,13:37,13:36,13:34,13:31,13:29
H_NOBORI_049,holiday,本通方面,本通,14:17,14:16,14:14,14:13,14:11,14:09,14:07,14:05,14:03,14:02,14:00,13:58,13:56,13:54,13:53,13:51,13:50,13:47,13:46,13:44,13:41,13:39
H_NOBORI_050,holiday,本通方面,本通,14:27,14:26,14:24,14:23,14:21,14:19,14:17,14:15,14:13,14:12,14:10,14:08,14:06,14:04,14:03,14:01,14:00,13:57,13:56,13:54,13:51,13:49
H_NOBORI_051,holiday,本通方面,本通,14:37,14:36,14:34,14:33,14:31,14:29,14:27,14:25,14:23,14:22,14:20,14:18,14:16,14:14,14:13,14:11,14:10,14:07,14:06,14:04,14:01,13:59
H_NOBORI_052,holiday,本通方面,本通,14:47,14:46,14:44,14:43,14:41,14:39,14:37,14:35,14:33,14:32,14:30,14:28,14:26,14:24,14:23,14:21,14:20,14:17,14:16,14:14,14:11,14:09
H_NOBORI_053,holiday,本通方面,本通,14:57,14:56,14:54,14:53,14:51,14:49,14:47,14:45,14:43,14:42,14:40,14:38,14:36,14:34,14:33,14:31,14:30,14:27,14:26,14:24,14:21,14:19
H_NOBORI_054,holiday,本通方面,本通,15:07,15:06,15:04,15:03,15:01,14:59,14:57,14:55,14:53,14:52,14:50,14:48,14:46,14:44,14:43,14:41,14:40,14:37,14:36,14:34,14:31,14:29
H_NOBORI_055,holiday,本通方面,本通,15:17,15:16,15:14,15:13,15:11,15:09,15:07,15:05,15:03,15:02,15:00,14:58,14:56,14:54,14:53,14:51,14:50,14:47,14:46,14:44,14:41,14:39
H_NOBORI_056,holiday,本通方面,本通,15:27,15:26,15:24,15:23,15:21,15:19,15:17,15:15,15:13,15:12,15:10,15:08,15:06,15:04,15:03,15:01,15:00,14:57,14:56,14:54,14:51,14:49
H_NOBORI_057,holiday,本通方面,本通,15:37,15:36,15:34,15:33,15:31,15:29,15:27,15:25,15:23,15:22,15:20,15:18,15:16,15:14,15:13,15:11,15:10,15:07,15:06,15:04,15:01,14:59
H_NOBORI_058,holiday,本通方面,本通,15:47,15:46,15:44,15:43,15:41,15:39,15:37,15:35,15:33,15:32,15:30,15:28,15:26,15:24,15:23,15:21,15:20,15:17,15:16,15:14,15:11,15:09
H_NOBORI_059,holiday,本通方面,本通,15:57,15:56,15:54,15:53,15:51,15:49,15:47,15:45,15:43,15:42,15:40,15:38,15:36,15:34,15:33,15:31,15:30,15:27,15:26,15:24,15:21,15:19
H_NOBORI_060,holiday,本通方面,本通,16:07,16:06,16:04,16:03,16:01,15:59,15:57,15:55,15:53,15:52,15:50,15:48,15:46,15:44,15:43,15:41,15:40,15:37,15:36,15:34,15:31,15:29
H_NOBORI_061,holiday,本通方面,本通,16:17,16:16,16:14,16:13,16:11,16:09,16:07,16:05,16:03,16:02,16:00,15:58,15:56,15:54,15:53,15:51,15:50,15:47,15:46,15:44,15:41,15:39
H_NOBORI_062,holiday,本通方面,本通,16:27,16:26,16:24,16:23,16:21,16:19,16:17,16:15,16:13,16:12,16:10,16:08,16:06,16:04,16:03,16:01,16:00,15:57,15:56,15:54,15:51,15:49
H_NOBORI_063,holiday,本通方面,本通,16:37,16:36,16:34,16:33,16:31,16:29,16:27,16:25,16:23,16:22,16:20,16:18,16:16,16:14,16:13,16:11,16:10,16:07,16:06,16:04,16:01,15:59
H_NOBORI_064,holiday,本通方面,本通,16:47,16:46,16:44,16:43,16:41,16:39,16:37,16:35,16:33,16:32,16:30,16:28,16:26,16:24,16:23,16:21,16:20,16:17,16:16,16:14,16:11,16:09
H_NOBORI_065,holiday,本通方面,本通,16:57,16:56,16:54,16:53,16:51,16:49,16:47,16:45,16:43,16:42,16:40,16:38,16:36,16:34,16:33,16:31,16:30,16:27,16:26,16:24,16:21,16:19
H_NOBORI_066,holiday,本通方面,本通,17:07,17:06,17:04,17:03,17:01,16:59,16:57,16:55,16:53,16:52,16:50,16:48,16:46,16:44,16:43,16:41,16:40,16:37,16:36,16:34,16:31,16:29
H_NOBORI_067,holiday,本通方面,本通,17:17,17:16,17:14,17:13,17:11,17:09,17:07,17:05,17:03,17:02,17:00,16:58,16:56,16:54,16:53,16:51,16:50,16:47,16:46,16:44,16:41,16:39
H_NOBORI_068,holiday,本通方面,本通,17:27,17:26,17:24,17:23,17:21,17:19,17:17,17:15,17:13,17:12,17:10,17:08,17:06,17:04,17:03,17:01,17:00,16:57,16:56,16:54,16:51,16:49
H_NOBORI_069,holiday,本通方面,本通,17:37,17:36,17:34,17:33,17:31,17:29,17:27,17:25,17:23,17:22,17:20,17:18,17:16,17:14,17:13,17:11,17:10,17:07,17:06,17:04,17:01,16:59
H_NOBORI_070,holiday,本通方面,本通,17:47,17:46,17:44,17:43,17:41,17:39,17:37,17:35,17:33,17:32,17:30,17:28,17:26,17:24,17:23,17:21,17:20,17:17,17:16,17:14,17:11,17:09
H_NOBORI_071,holiday,本通方面,本通,17:57,17:56,17:54,17:53,17:51,17:49,17:47,17:45,17:43,17:42,17:40,17:38,17:36,17:34,17:33,17:31,17:30,17:27,17:26,17:24,17:21,17:19
H_NOBORI_072,holiday,本通方面,本通,18:07,18:06,18:04,18:03,18:01,17:59,17:57,17:55,17:53,17:52,17:50,17:48,17:46,17:44,17:43,17:41,17:40,17:37,17:36,17:34,17:31,17:29
H_NOBORI_073,holiday,本通方面,本通,18:17,18:16,18:14,18:13,18:11,18:09,18:07,18:05,18:03,18:02,18:00,17:58,17:56,17:54,17:53,17:51,17:50,17:47,17:46,17:44,17:41,17:39
H_NOBORI_074,holiday,本通方面,本通,18:27,18:26,18:24,18:23,18:21,18:19,18:17,18:15,18:13,18:12,18:10,18:08,18:06,18:04,18:03,18:01,18:00,17:57,17:56,17:54,17:51,17:49
H_NOBORI_075,holiday,本通方面,本通,18:37,18:36,18:34,18:33,18:31,18:29,18:27,18:25,18:23,18:22,18:20,18:18,18:16,18:14,18:13,18:11,18:10,18:07,18:06,18:04,18:01,17:59
H_NOBORI_076,holiday,本通方面,本通,18:47,18:46,18:44,18:43,18:41,18:39,18:37,18:35,18:33,18:32,18:30,18:28,18:26,18:24,18:23,18:21,18:20,18:17,18:16,18:14,18:11,18:09
H_NOBORI_077,holiday,本通方面,本通,18:57,18:56,18:54,18:53,18:51,18:49,18:47,18:45,18:43,18:42,18:40,18:38,18:36,18:34,18:33,18:31,18:30,18:27,18:26,18:24,18:21,18:19
H_NOBORI_078,holiday,本通方面,本通,19:07,19:06,19:04,19:03,19:01,18:59,18:57,18:55,18:53,18:52,18:50,18:48,18:46,18:44,18:43,18:41,18:40,18:37,18:36,18:34,18:31,18:29
H_NOBORI_079,holiday,本通方面,本通,19:17,19:16,19:14,19:13,19:11,19:09,19:07,19:05,19:03,19:02,19:00,18:58,18:56,18:54,18:53,18:51,18:50,18:47,18:46,18:44,18:41,18:39
H_NOBORI_080,holiday,本通方面,本通,19:27,19:26,19:24,19:23,19:21,19:19,19:17,19:15,19:13,19:12,19:10,19:08,19:06,19:04,19:03,19:01,19:00,18:57,18:56,18:54,18:51,18:49
H_NOBORI_081,holiday,本通方面,本通,19:37,19:36,19:34,19:33,19:31,19:29,19:27,19:25,19:23,19:22,19:20,19:18,19:16,19:14,19:13,19:11,19:10,19:07,19:06,19:04,19:01,18:59
H_NOBORI_082,holiday,本通方面,本通,19:48,19:47,19:45,19:44,19:42,19:40,19:38,19:36,19:34,19:33,19:31,19:29,19:27,19:25,19:24,19:22,19:21,19:18,19:17,19:15,19:12,19:10
H_NOBORI_083,holiday,本通方面,本通,20:00,19:59,19:57,19:56,19:54,19:52,19:50,19:48,19:46,19:45,19:43,19:41,19:39,19:37,19:36,19:34,19:33,19:30,19:29,19:27,19:24,19:22
H_NOBORI_084,holiday,本通方面,本通,20:12,20:11,20:09,20:08,20:06,20:04,20:02,20:00,19:58,19:57,19:55,19:53,19:51,19:49,19:48,19:46,19:45,19:42,19:41,19:39,19:36,19:34
H_NOBORI_085,holiday,本通方面,本通,20:24,20:23,20:21,20:20,20:18,20:16,20:14,20:12,20:10,20:09,20:07,20:05,20:03,20:01,20:00,19:58,19:57,19:54,19:53,19:51,19:48,19:46
H_NOBORI_086,holiday,本通方面,本通,20:36,20:35,20:33,20:32,20:30,20:28,20:26,20:24,20:22,20:21,20:19,20:17,20:15,20:13,20:12,20:10,20:09,20:06,20:05,20:03,20:00,19:58
H_NOBORI_087,holiday,本通方面,本通,20:49,20:48,20:46,20:45,20:43,20:41,20:39,20:37,20:35,20:34,20:32,20:30,20:28,20:26,20:25,20:23,20:22,20:19,20:18,20:16,20:13,20:11
H_NOBORI_088,holiday,本通方面,本通,21:03,21:02,21:00,20:59,20:57,20:55,20:53,20:51,20:49,20:48,20:46,20:44,20:42,20:40,20:39,20:37,20:36,20:33,20:32,20:30,20:27,20:25
H_NOBORI_089,holiday,本通方面,本通,21:18,21:17,21:15,21:14,21:12,21:10,21:08,21:06,21:04,21:03,21:01,20:59,20:57,20:55,20:54,20:52,20:51,20:48,20:47,20:45,20:42,20:40
H_NOBORI_090,holiday,本通方面,本通,21:33,21:32,21:30,21:29,21:27,21:25,21:23,21:21,21:19,21:18,21:16,21:14,21:12,21:10,21:09,21:07,21:06,21:03,21:02,21:00,20:57,20:55
H_NOBORI_091,holiday,本通方面,本通,21:48,21:47,21:45,21:44,21:42,21:40,21:38,21:36,21:34,21:33,21:31,21:29,21:27,21:25,21:24,21:22,21:21,21:18,21:17,21:15,21:12,21:10
H_NOBORI_092,holiday,本通方面,本通,22:03,22:02,22:00,21:59,21:57,21:55,21:53,21:51,21:49,21:48,21:46,21:44,21:42,21:40,21:39,21:37,21:36,21:33,21:32,21:30,21:27,21:25
H_NOBORI_093,holiday,本通方面,本通,22:18,22:17,22:15,22:14,22:12,22:10,22:08,22:06,22:04,22:03,22:01,21:59,21:57,21:55,21:54,21:52,21:51,21:48,21:47,21:45,21:42,21:40
H_NOBORI_094,holiday,本通方面,本通,22:33,22:32,22:30,22:29,22:27,22:25,22:23,22:21,22:19,22:18,22:16,22:14,22:12,22:10,22:09,22:07,22:06,22:03,22:02,22:00,21:57,21:55
H_NOBORI_095,holiday,本通方面,本通,22:48,22:47,22:45,22:44,22:42,22:40,22:38,22:36,22:34,22:33,22:31,22:29,22:27,22:25,22:24,22:22,22:21,22:18,22:17,22:15,22:12,22:10
H_NOBORI_096,holiday,本通方面,本通,23:03,23:02,23:00,22:59,22:57,22:55,22:53,22:51,22:49,22:48,22:46,22:44,22:42,22:40,22:39,22:37,22:36,22:33,22:32,22:30,22:27,22:25
H_NOBORI_097,holiday,本通方面,本通,23:18,23:17,23:15,23:14,23:12,23:10,23:08,23:06,23:04,23:03,23:01,22:59,22:57,22:55,22:54,22:52,22:51,22:48,22:47,22:45,22:42,22:40
H_NOBORI_098,holiday,本通方面,本通,23:33,23:32,23:30,23:29,23:27,23:25,23:23,23:21,23:19,23:18,23:16,23:14,23:12,23:10,23:09,23:07,23:06,23:03,23:02,23:00,22:57,22:55
H_NOBORI_099,holiday,本通方面,本通,23:48,23:47,23:45,23:44,23:42,23:40,23:38,23:36,23:34,23:33,23:31,23:29,23:27,23:25,23:24,23:22,23:21,23:18,23:17,23:15,23:12,23:10
H_NOBORI_100,holiday,本通方面,本通,24:01,24:00,23:58,23:57,23:55,23:53,23:51,23:49,23:47,23:46,23:44,23:42,23:40,23:38,23:37,23:35,23:34,23:31,23:30,23:28,23:25,23:23
H_NOBORI_101,holiday,本通方面,本通,24:13,24:12,24:09,24:08,24:07,24:05,24:03,24:01,23:59,23:57,23:55,23:54,23:52,23:50,23:48,23:47,23:46,23:43,23:41,23:39,23:37,23:35
W_KUDARI_001,weekday,広域公園前方面,広域公園前,06:02,06:03,06:05,06:07,06:08,06:09,06:11,06:13,06:15,06:17,06:19,06:20,06:22,06:24,06:26,06:27,06:29,06:31,06:33,06:35,06:37,06:39
W_KUDARI_002,weekday,広域公園前方面,広域公園前,06:17,06:18,06:20,06:22,06:23,06:24,06:26,06:28,06:30,06:32,06:34,06:35,06:37,06:39,06:41,06:42,06:44,06:46,06:48,06:50,06:52,06:54
W_KUDARI_003,weekday,広域公園前方面,広域公園前,06:31,06:32,06:34,06:36,06:37,06:38,06:40,06:42,06:44,06:46,06:48,06:49,06:51,06:53,06:55,06:56,06:58,07:00,07:02,07:04,07:06,07:08
W_KUDARI_004,weekday,広域公園前方面,広域公園前,06:43,06:44,06:46,06:48,06:49,06:50,06:52,06:54,06:56,06:58,07:00,07:01,07:03,07:05,07:07,07:08,07:10,07:12,07:14,07:16,07:18,07:20
W_KUDARI_005,weekday,広域公園前方面,広域公園前,06:55,06:56,06:58,07:00,07:01,07:02,07:04,07:06,07:08,07:10,07:12,07:13,07:15,07:17,07:19,07:20,07:22,07:24,07:26,07:28,07:30,07:32
W_KUDARI_006,weekday,広域公園前方面,長楽寺,07:01,07:02,07:04,07:06,07:07,07:08,07:10,07:12,07:14,07:16,07:18,07:19,07:21,07:23,07:25,07:26,07:27,,,,,
W_KUDARI_007,weekday,広域公園前方面,広域公園前,07:07,07:08,07:10,07:12,07:13,07:14,07:16,07:18,07:20,07:22,07:24,07:25,07:27,07:29,07:31,07:32,07:34,07:36,07:38,07:40,07:42,07:44
W_KUDARI_008,weekday,広域公園前方面,長楽寺,07:13,07:14,07:16,07:18,07:19,07:20,07:22,07:24,07:26,07:28,07:30,07:31,07:33,07:35,07:37,07:38,07:39,,,,,
W_KUDARI_009,weekday,広域公園前方面,広域公園前,07:19,07:20,07:22,07:24,07:25,07:26,07:28,07:30,07:32,07:34,07:36,07:37,07:39,07:41,07:43,07:44,07:46,07:48,07:50,07:52,07:54,07:56
W_KUDARI_010,weekday,広域公園前方面,長楽寺,07:24,07:25,07:27,07:29,07:30,07:31,07:33,07:35,07:37,07:39,07:41,07:42,07:44,07:46,07:48,07:49,07:50,,,,,
W_KUDARI_011,weekday,広域公園前方面,広域公園前,07:29,07:30,07:32,07:34,07:35,07:36,07:38,07:40,07:42,07:44,07:46,07:47,07:49,07:51,07:53,07:54,07:56,07:58,08:00,08:02,08:04,08:06
W_KUDARI_012,weekday,広域公園前方面,長楽寺,07:34,07:35,07:37,07:39,07:40,07:41,07:43,07:45,07:47,07:49,07:51,07:52,07:54,07:56,07:58,07:59,08:00,,,,,
W_KUDARI_013,weekday,広域公園前方面,広域公園前,07:40,07:41,07:43,07:44,07:45,07:47,07:49,07:51,07:53,07:54,07:56,07:58,08:00,08:02,08:03,08:05,08:06,08:09,08:11,08:12,08:15,08:16
W_KUDARI_014,weekday,広域公園前方面,大町,07:45,07:46,07:48,07:49,07:50,07:52,07:54,07:56,07:58,07:59,08:01,08:02,,,,,,,,,,
W_KUDARI_015,weekday,広域公園前方面,長楽寺,07:48,07:49,07:51,07:53,07:54,07:55,07:57,07:59,08:01,08:03,08:05,08:06,08:08,08:10,08:12,08:13,08:14,,,,,
W_KUDARI_016,weekday,広域公園前方面,広域公園前,07:52,07:53,07:55,07:56,07:57,07:59,08:01,08:03,08:05,08:06,08:08,08:10,08:12,08:14,08:15,08:17,08:18,08:21,08:23,08:24,08:27,08:28
W_KUDARI_017,weekday,広域公園前方面,大町,07:55,07:56,07:58,07:59,08:00,08:02,08:04,08:06,08:08,08:09,08:11,08:12,,,,,,,,,,
W_KUDARI_018,weekday,広域公園前方面,長楽寺,07:58,07:59,08:01,08:02,08:03,08:05,08:07,08:09,08:11,08:12,08:14,08:16,08:18,08:20,08:21,08:23,08:24,,,,,
W_KUDARI_019,weekday,広域公園前方面,大町,08:00,08:01,08:04,08:05,08:06,08:08,08:10,08:12,08:14,08:15,08:17,08:18,,,,,,,,,,
W_KUDARI_020,weekday,広域公園前方面,広域公園前,08:03,08:04,08:06,08:07,08:09,08:10,08:12,08:14,08:16,08:18,08:20,08:21,08:23,08:25,08:27,08:28,08:30,08:32,08:34,08:36,08:39,08:40
W_KUDARI_021,weekday,広域公園前方面,長楽寺,08:05,08:06,08:09,08:10,08:11,08:13,08:15,08:17,08:19,08:20,08:22,08:24,08:26,08:28,08:29,08:31,08:32,,,,,
W_KUDARI_022,weekday,広域公園前方面,長楽寺,08:08,08:09,08:11,08:12,08:14,08:15,08:17,08:19,08:21,08:23,08:25,08:26,08:28,08:30,08:32,08:33,08:34,,,,,
W_KUDARI_023,weekday,広域公園前方面,広域公園前,08:10,08:11,08:14,08:15,08:16,08:18,08:20,08:22,08:24,08:25,08:27,08:29,08:31,08:33,08:34,08:36,08:38,08:40,08:42,08:44,08:46,08:47
W_KUDARI_024,weekday,広域公園前方面,長楽寺,08:13,08:14,08:16,08:17,08:19,08:20,08:22,08:24,08:26,08:28,08:30,08:31,08:33,08:35,08:37,08:38,08:39,,,,,
W_KUDARI_025,weekday,広域公園前方面,長楽寺,08:15,08:16,08:19,08:20,08:21,08:23,08:25,08:27,08:29,08:30,08:32,08:34,08:36,08:38,08:39,08:41,08:42,,,,,
W_KUDARI_026,weekday,広域公園前方面,広域公園前,08:18,08:19,08:21,08:22,08:24,08:25,08:27,08:29,08:31,08:33,08:35,08:36,08:38,08:40,08:42,08:43,08:45,08:47,08:49,08:51,08:54,08:55
W_KUDARI_027,weekday,広域公園前方面,長楽寺,08:20,08:21,08:24,08:25,08:26,08:28,08:30,08:32,08:34,08:35,08:37,08:39,08:41,08:43,08:44,08:46,08:47,,,,,
W_KUDARI_028,weekday,広域公園前方面,長楽寺,08:23,08:24,08:26,08:27,08:29,08:30,08:32,08:34,08:36,08:38,08:40,08:41,08:43,08:45,08:47,08:48,08:49,,,,,
W_KUDARI_029,weekday,広域公園前方面,広域公園前,08:25,08:26,08:29,08:30,08:31,08:33,08:35,08:37,08:39,08:40,08:42,08:44,08:46,08:48,08:49,08:51,08:53,08:55,08:57,08:59,09:01,09:02
W_KUDARI_030,weekday,広域公園前方面,長楽寺,08:28,08:29,08:32,08:33,08:34,08:36,08:38,08:40,08:42,08:43,08:45,08:47,08:49,08:51,08:52,08:54,08:55,,,,,
W_KUDARI_031,weekday,広域公園前方面,長楽寺,08:31,08:32,08:35,08:36,08:37,08:39,08:41,08:43,08:45,08:46,08:48,08:50,08:52,08:54,08:55,08:57,08:58,,,,,
W_KUDARI_032,weekday,広域公園前方面,広域公園前,08:34,08:35,08:38,08:39,08:40,08:42,08:44,08:46,08:48,08:49,08:51,08:53,08:55,08:57,08:58,09:00,09:02,09:04,09:06,09:08,09:10,09:11
W_KUDARI_033,weekday,広域公園前方面,長楽寺,08:37,08:38,08:41,08:42,08:43,08:45,08:47,08:49,08:51,08:52,08:54,08:56,08:58,09:00,09:01,09:03,09:04,,,,,
W_KUDARI_034,weekday,広域公園前方面,長楽寺,08:40,08:41,08:44,08:45,08:46,08:48,08:50,08:52,08:54,08:55,08:57,08:59,09:01,09:03,09:04,09:06,09:07,,,,,
W_KUDARI_035,weekday,広域公園前方面,広域公園前,08:44,08:45,08:48,08:49,08:50,08:52,08:54,08:56,08:58,08:59,09:01,09:03,09:05,09:07,09:08,09:10,09:12,09:14,09:16,09:18,09:20,09:21
W_KUDARI_036,weekday,広域公園前方面,長楽寺,08:48,08:49,08:52,08:53,08:54,08:56,08:58,09:00,09:02,09:03,09:05,09:07,09:09,09:11,09:12,09:14,09:15,,,,,
W_KUDARI_037,weekday,広域公園前方面,広域公園前,08:53,08:54,08:57,08:58,08:59,09:01,09:03,09:05,09:07,09:08,09:10,09:12,09:14,09:16,09:17,09:19,09:21,09:23,09:25,09:27,09:29,09:30
W_KUDARI_038,weekday,広域公園前方面,長楽寺,08:58,08:59,09:02,09:03,09:04,09:06,09:08,09:10,09:12,09:13,09:15,09:17,09:19,09:21,09:22,09:24,09:25,,,,,
W_KUDARI_039,weekday,広域公園前方面,広域公園前,09:03,09:04,09:07,09:08,09:09,09:11,09:13,09:15,09:17,09:18,09:20,09:22,09:24,09:26,09:27,09:29,09:31,09:33,09:35,09:37,09:39,09:40
W_KUDARI_040,weekday,広域公園前方面,長楽寺,09:08,09:09,09:12,09:13,09:14,09:16,09:18,09:20,09:22,09:23,09:25,09:27,09:29,09:31,09:32,09:34,09:35,,,,,
W_KUDARI_041,weekday,広域公園前方面,広域公園前,09:14,09:15,09:18,09:19,09:20,09:22,09:24,09:26,09:28,09:29,09:31,09:33,09:35,09:37,09:38,09:40,09:42,09:44,09:46,09:48,09:50,09:51
W_KUDARI_042,weekday,広域公園前方面,長楽寺,09:20,09:21,09:24,09:25,09:26,09:28,09:30,09:32,09:34,09:35,09:37,09:39,09:41,09:43,09:44,09:46,09:47,,,,,
W_KUDARI_043,weekday,広域公園前方面,広域公園前,09:25,09:26,09:29,09:30,09:31,09:33,09:35,09:37,09:39,09:40,09:42,09:44,09:46,09:48,09:49,09:51,09:53,09:55,09:57,09:59,10:01,10:02
W_KUDARI_044,weekday,広域公園前方面,長楽寺,09:30,09:31,09:34,09:35,09:36,09:38,09:40,09:42,09:44,09:45,09:47,09:49,09:51,09:53,09:54,09:56,09:57,,,,,
W_KUDARI_045,weekday,広域公園前方面,広域公園前,09:35,09:36,09:39,09:40,09:41,09:43,09:45,09:47,09:49,09:50,09:52,09:54,09:56,09:58,09:59,10:01,10:03,10:05,10:07,10:09,10:11,10:12
W_KUDARI_046,weekday,広域公園前方面,広域公園前,09:45,09:46,09:49,09:50,09:51,09:53,09:55,09:57,09:59,10:00,10:02,10:04,10:06,10:08,10:09,10:11,10:13,10:15,10:17,10:19,10:21,10:22
W_KUDARI_047,weekday,広域公園前方面,広域公園前,09:55,09:56,09:59,10:00,10:01,10:03,10:05,10:07,10:09,10:10,10:12,10:14,10:16,10:18,10:19,10:21,10:23,10:25,10:27,10:29,10:31,10:32
W_KUDARI_048,weekday,広域公園前方面,広域公園前,10:05,10:06,10:09,10:10,10:11,10:13,10:15,10:17,10:19,10:20,10:22,10:24,10:26,10:28,10:29,10:31,10:33,10:35,10:37,10:39,10:41,10:42
W_KUDARI_049,weekday,広域公園前方面,広域公園前,10:15,10:16,10:19,10:20,10:21,10:23,10:25,10:27,10:29,10:30,10:32,10:34,10:36,10:38,10:39,10:41,10:43,10:45,10:47,10:49,10:51,10:52
W_KUDARI_050,weekday,広域公園前方面,広域公園前,10:25,10:26,10:29,10:30,10:31,10:33,10:35,10:37,10:39,10:40,10:42,10:44,10:46,10:48,10:49,10:51,10:53,10:55,10:57,10:59,11:01,11:02
W_KUDARI_051,weekday,広域公園前方面,広域公園前,10:35,10:36,10:39,10:40,10:41,10:43,10:45,10:47,10:49,10:50,10:52,10:54,10:56,10:58,10:59,11:01,11:03,11:05,11:07,11:09,11:11,11:12
W_KUDARI_052,weekday,広域公園前方面,広域公園前,10:45,10:46,10:49,10:50,10:51,10:53,10:55,10:57,10:59,11:00,11:02,11:04,11:06,11:08,11:09,11:11,11:13,11:15,11:17,11:19,11:21,11:22
W_KUDARI_053,weekday,広域公園前方面,広域公園前,10:55,10:56,10:59,11:00,11:01,11:03,11:05,11:07,11:09,11:10,11:12,11:14,11:16,11:18,11:19,11:21,11:23,11:25,11:27,11:29,11:31,11:32
W_KUDARI_054,weekday,広域公園前方面,広域公園前,11:05,11:06,11:09,11:10,11:11,11:13,11:15,11:17,11:19,11:20,11:22,11:24,11:26,11:28,11:29,11:31,11:33,11:35,11:37,11:39,11:41,11:42
W_KUDARI_055,weekday,広域公園前方面,広域公園前,11:15,11:16,11:19,11:20,11:21,11:23,11:25,11:27,11:29,11:30,11:32,11:34,11:36,11:38,11:39,11:41,11:43,11:45,11:47,11:49,11:51,11:52
W_KUDARI_056,weekday,広域公園前方面,広域公園前,11:25,11:26,11:29,11:30,11:31,11:33,11:35,11:37,11:39,11:40,11:42,11:44,11:46,11:48,11:49,11:51,11:53,11:55,11:57,11:59,12:01,12:02
W_KUDARI_057,weekday,広域公園前方面,広域公園前,11:35,11:36,11:39,11:40,11:41,11:43,11:45,11:47,11:49,11:50,11:52,11:54,11:56,11:58,11:59,12:01,12:03,12:05,12:07,12:09,12:11,12:12
W_KUDARI_058,weekday,広域公園前方面,広域公園前,11:45,11:46,11:49,11:50,11:51,11:53,11:55,11:57,11:59,12:00,12:02,12:04,12:06,12:08,12:09,12:11,12:13,12:15,12:17,12:19,12:21,12:22
W_KUDARI_059,weekday,広域公園前方面,広域公園前,11:55,11:56,11:59,12:00,12:01,12:03,12:05,12:07,12:09,12:10,12:12,12:14,12:16,12:18,12:19,12:21,12:23,12:25,12:27,12:29,12:31,12:32
W_KUDARI_060,weekday,広域公園前方面,広域公園前,12:05,12:06,12:09,12:10,12:11,12:13,12:15,12:17,12:19,12:20,12:22,12:24,12:26,12:28,12:29,12:31,12:33,12:35,12:37,12:39,12:41,12:42
W_KUDARI_061,weekday,広域公園前方面,広域公園前,12:15,12:16,12:19,12:20,12:21,12:23,12:25,12:27,12:29,12:30,12:32,12:34,12:36,12:38,12:39,12:41,12:43,12:45,12:47,12:49,12:51,12:52
W_KUDARI_062,weekday,広域公園前方面,広域公園前,12:25,12:26,12:29,12:30,12:31,12:33,12:35,12:37,12:39,12:40,12:42,12:44,12:46,12:48,12:49,12:51,12:53,12:55,12:57,12:59,13:01,13:02
W_KUDARI_063,weekday,広域公園前方面,広域公園前,12:35,12:36,12:39,12:40,12:41,12:43,12:45,12:47,12:49,12:50,12:52,12:54,12:56,12:58,12:59,13:01,13:03,13:05,13:07,13:09,13:11,13:12
W_KUDARI_064,weekday,広域公園前方面,広域公園前,12:45,12:46,12:49,12:50,12:51,12:53,12:55,12:57,12:59,13:00,13:02,13:04,13:06,13:08,13:09,13:11,13:13,13:15,13:17,13:19,13:21,13:22
W_KUDARI_065,weekday,広域公園前方面,広域公園前,12:55,12:56,12:59,13:00,13:01,13:03,13:05,13:07,13:09,13:10,13:12,13:14,13:16,13:18,13:19,13:21,13:23,13:25,13:27,13:29,13:31,13:32
W_KUDARI_066,weekday,広域公園前方面,広域公園前,13:05,13:06,13:09,13:10,13:11,13:13,13:15,13:17,13:19,13:20,13:22,13:24,13:26,13:28,13:29,13:31,13:33,13:35,13:37,13:39,13:41,13:42
W_KUDARI_067,weekday,広域公園前方面,広域公園前,13:15,13:16,13:19,13:20,13:21,13:23,13:25,13:27,13:29,13:30,13:32,13:34,13:36,13:38,13:39,13:41,13:43,13:45,13:47,13:49,13:51,13:52
W_KUDARI_068,weekday,広域公園前方面,広域公園前,13:25,13:26,13:29,13:30,13:31,13:33,13:35,13:37,13:39,13:40,13:42,13:44,13:46,13:48,13:49,13:51,13:53,13:55,13:57,13:59,14:01,14:02
W_KUDARI_069,weekday,広域公園前方面,広域公園前,13:35,13:36,13:39,13:40,13:41,13:43,13:45,13:47,13:49,13:50,13:52,13:54,13:56,13:58,13:59,14:01,14:03,14:05,14:07,14:09,14:11,14:12
W_KUDARI_070,weekday,広域公園前方面,広域公園前,13:45,13:46,13:49,13:50,13:51,13:53,13:55,13:57,13:59,14:00,14:02,14:04,14:06,14:08,14:09,14:11,14:13,14:15,14:17,14:19,14:21,14:22
W_KUDARI_071,weekday,広域公園前方面,広域公園前,13:55,13:56,13:59,14:00,14:01,14:03,14:05,14:07,14:09,14:10,14:12,14:14,14:16,14:18,14:19,14:21,14:23,14:25,14:27,14:29,14:31,14:32
W_KUDARI_072,weekday,広域公園前方面,広域公園前,14:05,14:06,14:09,14:10,14:11,14:13,14:15,14:17,14:19,14:20,14:22,14:24,14:26,14:28,14:29,14:31,14:33,14:35,14:37,14:39,14:41,14:42
W_KUDARI_073,weekday,広域公園前方面,広域公園前,14:15,14:16,14:19,14:20,14:21,14:23,14:25,14:27,14:29,14:30,14:32,14:34,14:36,14:38,14:39,14:41,14:43,14:45,14:47,14:49,14:51,14:52
W_KUDARI_074,weekday,広域公園前方面,広域公園前,14:25,14:26,14:29,14:30,14:31,14:33,14:35,14:37,14:39,14:40,14:42,14:44,14:46,14:48,14:49,14:51,14:53,14:55,14:57,14:59,15:01,15:02
W_KUDARI_075,weekday,広域公園前方面,広域公園前,14:35,14:36,14:39,14:40,14:41,14:43,14:45,14:47,14:49,14:50,14:52,14:54,14:56,14:58,14:59,15:01,15:03,15:05,15:07,15:09,15:11,15:12
W_KUDARI_076,weekday,広域公園前方面,広域公園前,14:45,14:46,14:49,14:50,14:51,14:53,14:55,14:57,14:59,15:00,15:02,15:04,15:06,15:08,15:09,15:11,15:13,15:15,15:17,15:19,15:21,15:22
W_KUDARI_077,weekday,広域公園前方面,広域公園前,14:55,14:56,14:59,15:00,15:01,15:03,15:05,15:07,15:09,15:10,15:12,15:14,15:16,15:18,15:19,15:21,15:23,15:25,15:27,15:29,15:31,15:32
W_KUDARI_078,weekday,広域公園前方面,広域公園前,15:05,15:06,15:09,15:10,15:11,15:13,15:15,15:17,15:19,15:20,15:22,15:24,15:26,15:28,15:29,15:31,15:33,15:35,15:37,15:39,15:41,15:42
W_KUDARI_079,weekday,広域公園前方面,広域公園前,15:15,15:16,15:19,15:20,15:21,15:23,15:25,15:27,15:29,15:30,15:32,15:34,15:36,15:38,15:39,15:41,15:43,15:45,15:47,15:49,15:51,15:52
W_KUDARI_080,weekday,広域公園前方面,広域公園前,15:25,15:26,15:29,15:30,15:31,15:33,15:35,15:37,15:39,15:40,15:42,15:44,15:46,15:48,15:49,15:51,15:53,15:55,15:57,15:59,16:01,16:02
W_KUDARI_081,weekday,広域公園前方面,広域公園前,15:35,15:36,15:39,15:40,15:41,15:43,15:45,15:47,15:49,15:50,15:52,15:54,15:56,15:58,15:59,16:01,16:03,16:05,16:07,16:09,16:11,16:12
W_KUDARI_082,weekday,広域公園前方面,広域公園前,15:45,15:46,15:49,15:50,15:51,15:53,15:55,15:57,15:59,16:00,16:02,16:04,16:06,16:08,16:09,16:11,16:13,16:15,16:17,16:19,16:21,16:22
W_KUDARI_083,weekday,広域公園前方面,広域公園前,15:55,15:56,15:59,16:00,16:01,16:03,16:05,16:07,16:09,16:10,16:12,16:14,16:16,16:18,16:19,16:21,16:23,16:25,16:27,16:29,16:31,16:32
W_KUDARI_084,weekday,広域公園前方面,広域公園前,16:05,16:06,16:09,16:10,16:11,16:13,16:15,16:17,16:19,16:20,16:22,16:24,16:26,16:28,16:29,16:31,16:33,16:35,16:37,16:39,16:41,16:42
W_KUDARI_085,weekday,広域公園前方面,広域公園前,16:15,16:16,16:19,16:20,16:21,16:23,16:25,16:27,16:29,16:30,16:32,16:34,16:36,16:38,16:39,16:41,16:43,16:45,16:47,16:49,16:51,16:52
W_KUDARI_086,weekday,広域公園前方面,広域公園前,16:25,16:26,16:29,16:30,16:31,16:33,16:35,16:37,16:39,16:40,16:42,16:44,16:46,16:48,16:49,16:51,16:53,16:55,16:57,16:59,17:01,17:02
W_KUDARI_087,weekday,広域公園前方面,広域公園前,16:35,16:36,16:39,16:40,16:41,16:43,16:45,16:47,16:49,16:50,16:52,16:54,16:56,16:58,16:59,17:01,17:03,17:05,17:07,17:09,17:11,17:12
W_KUDARI_088,weekday,広域公園前方面,広域公園前,16:44,16:45,16:48,16:49,16:50,16:52,16:54,16:56,16:58,16:59,17:01,17:03,17:05,17:07,17:08,17:10,17:12,17:14,17:16,17:18,17:20,17:21
W_KUDARI_089,weekday,広域公園前方面,広域公園前,16:54,16:55,16:58,16:59,17:00,17:02,17:04,17:06,17:08,17:09,17:11,17:13,17:15,17:17,17:18,17:20,17:22,17:24,17:26,17:28,17:30,17:31
W_KUDARI_090,weekday,広域公園前方面,広域公園前,17:04,17:05,17:08,17:09,17:10,17:12,17:14,17:16,17:18,17:19,17:21,17:23,17:25,17:27,17:29,17:30,17:32,17:34,17:36,17:38,17:40,17:42
W_KUDARI_091,weekday,広域公園前方面,長楽寺,17:10,17:11,17:14,17:15,17:16,17:18,17:20,17:22,17:24,17:25,17:27,17:29,17:31,17:33,17:35,17:36,17:37,,,,,
W_KUDARI_092,weekday,広域公園前方面,広域公園前,17:15,17:16,17:19,17:20,17:21,17:23,17:25,17:27,17:29,17:30,17:32,17:34,17:36,17:38,17:40,17:41,17:43,17:45,17:47,17:49,17:51,17:53
W_KUDARI_093,weekday,広域公園前方面,長楽寺,17:20,17:21,17:24,17:25,17:26,17:28,17:30,17:32,17:34,17:35,17:37,17:39,17:41,17:43,17:45,17:46,17:47,,,,,
W_KUDARI_094,weekday,広域公園前方面,広域公園前,17:25,17:26,17:29,17:30,17:31,17:33,17:35,17:37,17:39,17:40,17:42,17:44,17:46,17:48,17:50,17:51,17:53,17:55,17:57,17:59,18:01,18:03
W_KUDARI_095,weekday,広域公園前方面,長楽寺,17:30,17:31,17:34,17:35,17:36,17:38,17:40,17:42,17:44,17:45,17:47,17:49,17:51,17:53,17:55,17:56,17:57,,,,,
W_KUDARI_096,weekday,広域公園前方面,広域公園前,17:35,17:36,17:39,17:40,17:41,17:43,17:45,17:47,17:49,17:50,17:52,17:54,17:56,17:58,18:00,18:01,18:03,18:05,18:07,18:09,18:11,18:13
W_KUDARI_097,weekday,広域公園前方面,長楽寺,17:40,17:41,17:44,17:45,17:46,17:48,17:50,17:52,17:54,17:55,17:57,17:59,18:01,18:03,18:05,18:06,18:07,,,,,
W_KUDARI_098,weekday,広域公園前方面,広域公園前,17:45,17:46,17:49,17:50,17:51,17:53,17:55,17:57,17:59,18:00,18:02,18:04,18:06,18:08,18:10,18:11,18:13,18:15,18:17,18:19,18:21,18:23
W_KUDARI_099,weekday,広域公園前方面,長楽寺,17:50,17:51,17:54,17:55,17:56,17:58,18:00,18:02,18:04,18:05,18:07,18:09,18:11,18:13,18:15,18:16,18:17,,,,,
W_KUDARI_100,weekday,広域公園前方面,広域公園前,17:55,17:56,17:59,18:00,18:01,18:03,18:05,18:07,18:09,18:10,18:12,18:14,18:16,18:18,18:20,18:21,18:23,18:25,18:27,18:29,18:31,18:33
W_KUDARI_101,weekday,広域公園前方面,長楽寺,18:00,18:01,18:04,18:05,18:06,18:08,18:10,18:12,18:14,18:15,18:17,18:19,18:21,18:23,18:25,18:26,18:27,,,,,
W_KUDARI_102,weekday,広域公園前方面,広域公園前,18:05,18:06,18:09,18:10,18:11,18:13,18:15,18:17,18:19,18:20,18:22,18:24,18:26,18:28,18:30,18:31,18:33,18:35,18:37,18:39,18:41,18:43
W_KUDARI_103,weekday,広域公園前方面,長楽寺,18:10,18:11,18:14,18:15,18:16,18:18,18:20,18:22,18:24,18:25,18:27,18:29,18:31,18:33,18:35,18:36,18:37,,,,,
W_KUDARI_104,weekday,広域公園前方面,広域公園前,18:15,18:16,18:19,18:20,18:21,18:23,18:25,18:27,18:29,18:30,18:32,18:34,18:36,18:38,18:40,18:41,18:43,18:45,18:47,18:49,18:51,18:53
W_KUDARI_105,weekday,広域公園前方面,長楽寺,18:20,18:21,18:24,18:25,18:26,18:28,18:30,18:32,18:34,18:35,18:37,18:39,18:41,18:43,18:45,18:46,18:47,,,,,
W_KUDARI_106,weekday,広域公園前方面,広域公園前,18:25,18:26,18:29,18:30,18:31,18:33,18:35,18:37,18:39,18:40,18:42,18:44,18:46,18:48,18:50,18:51,18:53,18:55,18:57,18:59,19:01,19:03
W_KUDARI_107,weekday,広域公園前方面,長楽寺,18:30,18:31,18:34,18:35,18:36,18:38,18:40,18:42,18:44,18:45,18:47,18:49,18:51,18:53,18:55,18:56,18:57,,,,,
W_KUDARI_108,weekday,広域公園前方面,広域公園前,18:35,18:36,18:39,18:40,18:41,18:43,18:45,18:47,18:49,18:50,18:52,18:54,18:56,18:58,19:00,19:01,19:03,19:05,19:07,19:09,19:11,19:13
W_KUDARI_109,weekday,広域公園前方面,長楽寺,18:40,18:41,18:44,18:45,18:46,18:48,18:50,18:52,18:54,18:55,18:57,18:59,19:01,19:03,19:05,19:06,19:07,,,,,
W_KUDARI_110,weekday,広域公園前方面,広域公園前,18:45,18:46,18:49,18:50,18:51,18:53,18:55,18:57,18:59,19:00,19:02,19:04,19:06,19:08,19:10,19:11,19:13,19:15,19:17,19:19,19:21,19:23
W_KUDARI_111,weekday,広域公園前方面,長楽寺,18:50,18:51,18:54,18:55,18:56,18:58,19:00,19:02,19:04,19:05,19:07,19:09,19:11,19:13,19:15,19:16,19:17,,,,,
W_KUDARI_112,weekday,広域公園前方面,広域公園前,18:56,18:57,19:00,19:01,19:02,19:04,19:06,19:08,19:10,19:11,19:13,19:15,19:17,19:19,19:21,19:22,19:24,19:26,19:28,19:30,19:32,19:34
W_KUDARI_113,weekday,広域公園前方面,長楽寺,19:02,19:03,19:06,19:07,19:08,19:10,19:12,19:14,19:16,19:17,19:19,19:21,19:23,19:25,19:27,19:28,19:29,,,,,
W_KUDARI_114,weekday,広域公園前方面,広域公園前,19:08,19:09,19:12,19:13,19:14,19:16,19:18,19:20,19:22,19:23,19:25,19:27,19:29,19:31,19:33,19:34,19:36,19:38,19:40,19:42,19:44,19:46
W_KUDARI_115,weekday,広域公園前方面,長楽寺,19:14,19:15,19:18,19:19,19:20,19:22,19:24,19:26,19:28,19:29,19:31,19:33,19:35,19:37,19:39,19:40,19:41,,,,,
W_KUDARI_116,weekday,広域公園前方面,広域公園前,19:20,19:21,19:24,19:25,19:26,19:28,19:30,19:32,19:34,19:35,19:37,19:39,19:41,19:43,19:45,19:46,19:48,19:50,19:52,19:54,19:56,19:58
W_KUDARI_117,weekday,広域公園前方面,広域公園前,19:26,19:27,19:30,19:31,19:32,19:34,19:36,19:38,19:40,19:41,19:43,19:45,19:47,19:49,19:51,19:52,19:54,19:56,19:58,20:00,20:02,20:04
W_KUDARI_118,weekday,広域公園前方面,広域公園前,19:33,19:34,19:37,19:38,19:39,19:41,19:43,19:45,19:47,19:48,19:50,19:52,19:54,19:56,19:58,19:59,20:01,20:03,20:05,20:07,20:09,20:11
W_KUDARI_119,weekday,広域公園前方面,広域公園前,19:40,19:41,19:44,19:45,19:46,19:48,19:50,19:52,19:54,19:55,19:57,19:59,20:01,20:03,20:05,20:06,20:08,20:10,20:12,20:14,20:16,20:18
W_KUDARI_120,weekday,広域公園前方面,広域公園前,19:47,19:48,19:51,19:52,19:53,19:55,19:57,19:59,20:01,20:02,20:04,20:06,20:08,20:10,20:12,20:13,20:15,20:17,20:19,20:21,20:23,20:25
W_KUDARI_121,weekday,広域公園前方面,広域公園前,19:55,19:56,19:59,20:00,20:01,20:03,20:05,20:07,20:09,20:10,20:12,20:14,20:16,20:18,20:20,20:21,20:23,20:25,20:27,20:29,20:31,20:33
W_KUDARI_122,weekday,広域公園前方面,広域公園前,20:03,20:04,20:07,20:08,20:09,20:11,20:13,20:15,20:17,20:18,20:20,20:22,20:24,20:26,20:28,20:29,20:31,20:33,20:35,20:37,20:39,20:41
W_KUDARI_123,weekday,広域公園前方面,広域公園前,20:12,20:13,20:16,20:17,20:18,20:20,20:22,20:24,20:26,20:27,20:29,20:31,20:33,20:35,20:37,20:38,20:40,20:42,20:44,20:46,20:48,20:50
W_KUDARI_124,weekday,広域公園前方面,広域公園前,20:22,20:23,20:26,20:27,20:28,20:30,20:32,20:34,20:36,20:37,20:39,20:41,20:43,20:45,20:47,20:48,20:50,20:52,20:54,20:56,20:58,21:00
W_KUDARI_125,weekday,広域公園前方面,広域公園前,20:32,20:33,20:36,20:37,20:38,20:40,20:42,20:44,20:46,20:47,20:49,20:51,20:53,20:55,20:57,20:58,21:00,21:02,21:04,21:06,21:08,21:10
W_KUDARI_126,weekday,広域公園前方面,広域公園前,20:42,20:43,20:46,20:47,20:48,20:50,20:52,20:54,20:56,20:57,20:59,21:01,21:03,21:05,21:07,21:08,21:10,21:12,21:14,21:16,21:18,21:20
W_KUDARI_127,weekday,広域公園前方面,広域公園前,20:52,20:53,20:56,20:57,20:58,21:00,21:02,21:04,21:06,21:07,21:09,21:11,21:13,21:15,21:17,21:18,21:20,21:22,21:24,21:26,21:28,21:30
W_KUDARI_128,weekday,広域公園前方面,広域公園前,21:02,21:03,21:06,21:07,21:08,21:10,21:12,21:14,21:16,21:17,21:19,21:21,21:23,21:25,21:27,21:28,21:30,21:32,21:34,21:36,21:38,21:40
W_KUDARI_129,weekday,広域公園前方面,広域公園前,21:12,21:13,21:16,21:17,21:18,21:20,21:22,21:24,21:26,21:27,21:29,21:31,21:33,21:35,21:37,21:38,21:40,21:42,21:44,21:46,21:48,21:50
W_KUDARI_130,weekday,広域公園前方面,広域公園前,21:22,21:23,21:26,21:27,21:28,21:30,21:32,21:34,21:36,21:37,21:39,21:41,21:43,21:45,21:47,21:48,21:50,21:52,21:54,21:56,21:58,22:00
W_KUDARI_131,weekday,広域公園前方面,広域公園前,21:32,21:33,21:36,21:37,21:38,21:40,21:42,21:44,21:46,21:47,21:49,21:51,21:53,21:55,21:57,21:58,22:00,22:02,22:04,22:06,22:08,22:10
W_KUDARI_132,weekday,広域公園前方面,広域公園前,21:43,21:44,21:47,21:48,21:49,21:51,21:53,21:55,21:57,21:58,22:00,22:02,22:04,22:06,22:08,22:09,22:11,22:13,22:15,22:17,22:19,22:21
W_KUDARI_133,weekday,広域公園前方面,広域公園前,21:54,21:55,21:58,21:59,22:00,22:02,22:04,22:06,22:08,22:09,22:11,22:13,22:15,22:17,22:19,22:20,22:22,22:24,22:26,22:28,22:30,22:32
W_KUDARI_134,weekday,広域公園前方面,広域公園前,22:06,22:07,22:10,22:11,22:12,22:14,22:16,22:18,22:20,22:21,22:23,22:25,22:27,22:29,22:31,22:32,22:34,22:36,22:38,22:40,22:42,22:44
W_KUDARI_135,weekday,広域公園前方面,広域公園前,22:18,22:19,22:22,22:23,22:24,22:26,22:28,22:30,22:32,22:33,22:35,22:37,22:39,22:41,22:43,22:44,22:46,22:48,22:50,22:52,22:54,22:56
W_KUDARI_136,weekday,広域公園前方面,広域公園前,22:30,22:31,22:34,22:35,22:36,22:38,22:40,22:42,22:44,22:45,22:47,22:49,22:51,22:53,22:55,22:56,22:58,23:00,23:02,23:04,23:06,23:08
W_KUDARI_137,weekday,広域公園前方面,広域公園前,22:43,22:44,22:47,22:48,22:49,22:51,22:53,22:55,22:57,22:58,23:00,23:02,23:04,23:06,23:08,23:09,23:11,23:13,23:15,23:17,23:19,23:21
W_KUDARI_138,weekday,広域公園前方面,広域公園前,22:56,22:57,23:00,23:01,23:02,23:04,23:06,23:08,23:10,23:11,23:13,23:15,23:17,23:19,23:21,23:22,23:24,23:26,23:28,23:30,23:32,23:34
W_KUDARI_139,weekday,広域公園前方面,広域公園前,23:09,23:10,23:13,23:14,23:15,23:17,23:19,23:21,23:23,23:24,23:26,23:28,23:30,23:32,23:34,23:35,23:37,23:39,23:41,23:43,23:45,23:47
W_KUDARI_140,weekday,広域公園前方面,広域公園前,23:22,23:23,23:26,23:27,23:28,23:30,23:32,23:34,23:36,23:37,23:39,23:41,23:43,23:45,23:47,23:48,23:50,23:52,23:54,23:56,23:58,24:00
W_KUDARI_141,weekday,広域公園前方面,広域公園前,23:34,23:35,23:38,23:39,23:40,23:42,23:44,23:46,23:48,23:49,23:51,23:53,23:55,23:57,23:59,24:00,24:02,24:04,24:06,24:08,24:10,24:12
W_KUDARI_142,weekday,広域公園前方面,広域公園前,23:46,23:47,23:50,23:51,23:52,23:54,23:56,23:58,24:00,24:01,24:03,24:05,24:07,24:09,24:11,24:12,24:14,24:16,24:18,24:20,24:22,24:24
W_KUDARI_143,weekday,広域公園前方面,長楽寺,23:59,24:00,24:03,24:04,24:05,24:07,24:09,24:11,24:13,24:14,24:16,24:18,24:20,24:22,24:24,24:25,24:26,,,,,
W_KUDARI_144,weekday,広域公園前方面,長楽寺,24:11,24:12,24:14,24:15,24:17,24:18,24:20,24:22,24:24,24:26,24:28,24:29,24:32,24:33,24:35,24:36,24:38,,,,,
W_NOBORI_001,weekday,本通方面,本通,06:05,06:04,06:02,06:01,05:59,05:58,05:56,05:54,05:52,05:50,05:49,05:47,05:45,05:43,05:42,05:40,,,,,,05:39
W_NOBORI_002,weekday,本通方面,本通,06:26,06:25,06:23,06:21,06:20,06:18,06:16,06:14,06:12,06:10,06:08,06:07,06:05,06:03,06:01,06:00,05:58,05:56,05:54,05:52,05:50,05:48
W_NOBORI_003,weekday,本通方面,本通,06:37,06:36,06:34,06:32,06:31,06:29,06:27,06:25,06:23,06:21,06:19,06:18,06:16,06:14,06:12,06:11,06:09,06:07,06:05,06:03,06:01,05:59
W_NOBORI_004,weekday,本通方面,本通,06:48,06:47,06:45,06:43,06:42,06:40,06:38,06:36,06:34,06:32,06:30,06:29,06:27,06:25,06:23,06:22,06:20,06:18,06:16,06:14,06:12,06:10
W_NOBORI_006,weekday,本通方面,本通,07:04,07:03,07:01,06:59,06:58,06:56,06:54,06:52,06:50,06:48,06:46,06:45,06:43,06:41,06:39,06:38,06:36,06:34,06:32,06:30,06:28,06:26
W_NOBORI_005,weekday,本通方面,本通,06:57,06:56,06:54,06:52,06:51,06:49,06:47,06:45,06:43,06:41,06:39,06:38,06:36,06:34,06:32,06:31,,,,,,06:29
W_NOBORI_008,weekday,本通方面,本通,07:16,07:15,07:13,07:11,07:10,07:08,07:06,07:04,07:02,07:00,06:58,06:57,06:55,06:53,06:51,06:50,06:48,06:46,06:44,06:42,06:40,06:38
W_NOBORI_007,weekday,本通方面,本通,07:10,07:09,07:07,07:05,07:04,07:02,07:00,06:58,06:56,06:54,06:52,06:51,06:49,06:47,06:45,06:44,,,,,,06:42
W_NOBORI_010,weekday,本通方面,本通,07:26,07:25,07:23,07:21,07:20,07:18,07:16,07:14,07:12,07:10,07:08,07:07,07:05,07:03,07:01,07:00,06:58,06:56,06:54,06:52,06:50,06:48
W_NOBORI_009,weekday,本通方面,本通,07:21,07:20,07:18,07:16,07:15,07:13,07:11,07:09,07:07,07:05,07:03,07:02,07:00,06:58,06:56,06:55,,,,,,06:53
W_NOBORI_012,weekday,本通方面,本通,07:36,07:35,07:33,07:31,07:30,07:28,07:26,07:24,07:22,07:20,07:18,07:17,07:15,07:13,07:11,07:10,07:08,07:06,07:04,07:02,07:00,06:58
W_NOBORI_011,weekday,本通方面,本通,07:31,07:30,07:28,07:26,07:25,07:23,07:21,07:19,07:17,07:15,07:13,07:12,07:10,07:08,07:06,07:05,,,,,,07:03
W_NOBORI_015,weekday,本通方面,本通,07:48,07:47,07:45,07:43,07:42,07:40,07:38,07:36,07:34,07:32,07:30,07:29,07:27,07:25,07:23,07:22,07:20,07:18,07:16,07:14,07:12,07:10
W_NOBORI_013,weekday,本通方面,本通,07:40,07:39,07:37,07:35,07:34,07:32,07:30,07:28,07:26,07:24,07:22,07:21,07:19,07:17,07:15,07:14,,,,,,07:12
W_NOBORI_014,weekday,本通方面,本通,07:44,07:43,07:41,07:39,07:38,07:36,07:34,07:32,07:30,07:28,07:26,07:25,07:23,07:21,07:19,07:18,,,,,,07:16
W_NOBORI_018,weekday,本通方面,本通,07:57,07:56,07:54,07:52,07:51,07:49,07:47,07:45,07:43,07:41,07:39,07:38,07:36,07:34,07:32,07:31,07:29,07:27,07:25,07:23,07:21,07:19
W_NOBORI_016,weekday,本通方面,本通,07:51,07:50,07:48,07:46,07:45,07:43,07:41,07:39,07:37,07:35,07:33,07:32,07:30,07:28,07:26,07:25,,,,,,07:23
W_NOBORI_017,weekday,本通方面,本通,07:54,07:53,07:51,07:49,07:48,07:46,07:44,07:42,07:40,07:38,07:36,07:35,07:33,07:31,07:29,07:28,,,,,,07:26
W_NOBORI_021,weekday,本通方面,本通,08:05,08:03,08:01,08:00,07:58,07:57,07:55,07:52,07:51,07:49,07:47,07:45,07:43,07:41,07:40,07:38,07:37,07:35,07:33,07:31,07:28,07:27
W_NOBORI_019,weekday,本通方面,本通,08:00,07:58,07:56,07:55,07:53,07:52,07:50,07:47,07:46,07:44,07:42,07:40,07:38,07:36,07:35,07:33,,,,,,07:32
W_NOBORI_020,weekday,本通方面,本通,08:02,08:01,07:59,07:57,07:56,07:54,07:52,07:50,07:48,07:46,07:44,07:43,07:41,07:39,07:37,07:36,,,,,,07:34
W_NOBORI_024,weekday,本通方面,本通,08:12,08:11,08:09,08:07,08:06,08:04,08:02,08:00,07:58,07:56,07:54,07:53,07:51,07:49,07:47,07:46,07:44,07:42,07:40,07:38,07:36,07:34
W_NOBORI_022,weekday,本通方面,本通,08:07,08:06,08:04,08:02,08:01,07:59,07:57,07:55,07:53,07:51,07:49,07:48,07:46,07:44,07:42,07:41,,,,,,07:39
W_NOBORI_023,weekday,本通方面,本通,08:10,08:08,08:06,08:05,08:03,08:02,08:00,07:57,07:56,07:54,07:52,07:50,07:48,07:46,07:45,07:43,,,,,,07:42
W_NOBORI_027,weekday,本通方面,本通,08:20,08:18,08:16,08:15,08:13,08:12,08:10,08:07,08:06,08:04,08:02,08:00,07:58,07:56,07:55,07:53,07:52,07:50,07:48,07:46,07:43,07:42
W_NOBORI_025,weekday,本通方面,本通,08:15,08:13,08:11,08:10,08:08,08:07,08:05,08:02,08:01,07:59,07:57,07:55,07:53,07:51,07:50,07:48,,,,,,07:47
W_NOBORI_026,weekday,本通方面,本通,08:17,08:16,08:14,08:12,08:11,08:09,08:07,08:05,08:03,08:01,07:59,07:58,07:56,07:54,07:52,07:51,,,,,,07:49
W_NOBORI_031,weekday,本通方面,本通,08:31,08:29,08:27,08:26,08:24,08:23,08:21,08:18,08:17,08:15,08:13,08:11,08:09,08:07,08:06,08:04,08:03,08:01,07:59,07:57,07:54,07:53
W_NOBORI_028,weekday,本通方面,本通,08:22,08:21,08:19,08:17,08:16,08:14,08:12,08:10,08:08,08:06,08:04,08:03,08:01,07:59,07:57,07:56,,,,,,07:54
W_NOBORI_029,weekday,本通方面,本通,08:25,08:23,08:21,08:20,08:18,08:17,08:15,08:12,08:11,08:09,08:07,08:05,08:03,08:01,08:00,07:58,,,,,,07:57
W_NOBORI_034,weekday,本通方面,本通,08:40,08:38,08:36,08:35,08:33,08:32,08:30,08:27,08:26,08:24,08:22,08:20,08:18,08:16,08:15,08:13,08:12,08:10,08:08,08:06,08:03,08:02
W_NOBORI_032,weekday,本通方面,本通,08:34,08:32,08:30,08:29,08:27,08:26,08:24,08:21,08:20,08:18,08:16,08:14,08:12,08:10,08:09,08:07,,,,,,08:06
W_NOBORI_030,weekday,本通方面,本通,08:28,08:26,08:24,08:23,08:21,08:20,08:18,08:15,08:14,08:12,08:10,,,,,08:08,,,,,,
W_NOBORI_037,weekday,本通方面,本通,08:50,08:49,08:47,08:45,08:44,08:42,08:40,08:38,08:36,08:34,08:32,08:31,08:29,08:27,08:25,08:24,08:22,08:20,08:18,08:16,08:14,08:12
W_NOBORI_033,weekday,本通方面,本通,08:37,08:35,08:33,08:32,08:30,08:29,08:27,08:24,08:23,08:21,08:19,,,,,08:17,,,,,,
W_NOBORI_036,weekday,本通方面,本通,08:46,08:45,08:43,08:41,08:40,08:38,08:36,08:34,08:32,08:30,08:28,08:27,08:25,08:23,08:21,08:20,,,,,,08:18
W_NOBORI_035,weekday,本通方面,本通,08:43,08:41,08:39,08:38,08:36,08:35,08:33,08:30,08:29,08:27,08:25,,,,,08:23,,,,,,
W_NOBORI_039,weekday,本通方面,本通,09:01,09:00,08:58,08:56,08:55,08:53,08:51,08:49,08:47,08:45,08:43,08:42,08:40,08:38,08:36,08:35,08:33,08:31,08:29,08:27,08:25,08:23
W_NOBORI_038,weekday,本通方面,本通,08:56,08:54,08:52,08:51,08:49,08:48,08:46,08:43,08:42,08:40,08:38,08:36,08:34,08:32,08:31,08:29,,,,,,08:28
W_NOBORI_041,weekday,本通方面,本通,09:13,09:12,09:10,09:08,09:07,09:05,09:03,09:01,08:59,08:57,08:55,08:54,08:52,08:50,08:48,08:47,08:45,08:43,08:41,08:39,08:37,08:35
W_NOBORI_040,weekday,本通方面,本通,09:07,09:06,09:04,09:02,09:01,08:59,08:57,08:55,08:53,08:51,08:49,08:48,08:46,08:44,08:42,08:41,,,,,,08:39
W_NOBORI_043,weekday,本通方面,本通,09:25,09:24,09:22,09:20,09:19,09:17,09:15,09:13,09:11,09:09,09:07,09:06,09:04,09:02,09:00,08:59,08:57,08:55,08:53,08:51,08:49,08:47
W_NOBORI_042,weekday,本通方面,本通,09:19,09:18,09:16,09:14,09:13,09:11,09:09,09:07,09:05,09:03,09:01,09:00,08:58,08:56,08:54,08:53,,,,,,08:51
W_NOBORI_044,weekday,本通方面,本通,09:32,09:31,09:29,09:27,09:26,09:24,09:22,09:20,09:18,09:16,09:14,09:13,09:11,09:09,09:07,09:06,09:04,09:02,09:00,08:58,08:56,08:54
W_NOBORI_045,weekday,本通方面,本通,09:39,09:38,09:36,09:35,09:33,09:31,09:29,09:27,09:25,09:24,09:22,09:20,09:18,09:16,09:15,09:13,09:12,09:09,09:08,09:06,09:03,09:01
W_NOBORI_046,weekday,本通方面,本通,09:47,09:46,09:44,09:43,09:41,09:39,09:37,09:35,09:33,09:32,09:30,09:28,09:26,09:24,09:23,09:21,09:20,09:17,09:16,09:14,09:11,09:09
W_NOBORI_047,weekday,本通方面,本通,09:57,09:56,09:54,09:53,09:51,09:49,09:47,09:45,09:43,09:42,09:40,09:38,09:36,09:34,09:33,09:31,09:30,09:27,09:26,09:24,09:21,09:19
W_NOBORI_048,weekday,本通方面,本通,10:07,10:06,10:04,10:03,10:01,09:59,09:57,09:55,09:53,09:52,09:50,09:48,09:46,09:44,09:43,09:41,09:40,09:37,09:36,09:34,09:31,09:29
W_NOBORI_049,weekday,本通方面,本通,10:17,10:16,10:14,10:13,10:11,10:09,10:07,10:05,10:03,10:02,10:00,09:58,09:56,09:54,09:53,09:51,09:50,09:47,09:46,09:44,09:41,09:39
W_NOBORI_050,weekday,本通方面,本通,10:27,10:26,10:24,10:23,10:21,10:19,10:17,10:15,10:13,10:12,10:10,10:08,10:06,10:04,10:03,10:01,10:00,09:57,09:56,09:54,09:51,09:49
W_NOBORI_051,weekday,本通方面,本通,10:37,10:36,10:34,10:33,10:31,10:29,10:27,10:25,10:23,10:22,10:20,10:18,10:16,10:14,10:13,10:11,10:10,10:07,10:06,10:04,10:01,09:59
W_NOBORI_052,weekday,本通方面,本通,10:47,10:46,10:44,10:43,10:41,10:39,10:37,10:35,10:33,10:32,10:30,10:28,10:26,10:24,10:23,10:21,10:20,10:17,10:16,10:14,10:11,10:09
W_NOBORI_053,weekday,本通方面,本通,10:57,10:56,10:54,10:53,10:51,10:49,10:47,10:45,10:43,10:42,10:40,10:38,10:36,10:34,10:33,10:31,10:30,10:27,10:26,10:24,10:21,10:19
W_NOBORI_054,weekday,本通方面,本通,11:07,11:06,11:04,11:03,11:01,10:59,10:57,10:55,10:53,10:52,10:50,10:48,10:46,10:44,10:43,10:41,10:40,10:37,10:36,10:34,10:31,10:29
W_NOBORI_055,weekday,本通方面,本通,11:17,11:16,11:14,11:13,11:11,11:09,11:07,11:05,11:03,11:02,11:00,10:58,10:56,10:54,10:53,10:51,10:50,10:47,10:46,10:44,10:41,10:39
W_NOBORI_056,weekday,本通方面,本通,11:27,11:26,11:24,11:23,11:21,11:19,11:17,11:15,11:13,11:12,11:10,11:08,11:06,11:04,11:03,11:01,11:00,10:57,10:56,10:54,10:51,10:49
W_NOBORI_057,weekday,本通方面,本通,11:37,11:36,11:34,11:33,11:31,11:29,11:27,11:25,11:23,11:22,11:20,11:18,11:16,11:14,11:13,11:11,11:10,11:07,11:06,11:04,11:01,10:59
W_NOBORI_058,weekday,本通方面,本通,11:47,11:46,11:44,11:43,11:41,11:39,11:37,11:35,11:33,11:32,11:30,11:28,11:26,11:24,11:23,11:21,11:20,11:17,11:16,11:14,11:11,11:09
W_NOBORI_059,weekday,本通方面,本通,11:57,11:56,11:54,11:53,11:51,11:49,11:47,11:45,11:43,11:42,11:40,11:38,11:36,11:34,11:33,11:31,11:30,11:27,11:26,11:24,11:21,11:19
W_NOBORI_060,weekday,本通方面,本通,12:07,12:06,12:04,12:03,12:01,11:59,11:57,11:55,11:53,11:52,11:50,11:48,11:46,11:44,11:43,11:41,11:40,11:37,11:36,11:34,11:31,11:29
W_NOBORI_061,weekday,本通方面,本通,12:17,12:16,12:14,12:13,12:11,12:09,12:07,12:05,12:03,12:02,12:00,11:58,11:56,11:54,11:53,11:51,11:50,11:47,11:46,11:44,11:41,11:39
W_NOBORI_062,weekday,本通方面,本通,12:27,12:26,12:24,12:23,12:21,12:19,12:17,12:15,12:13,12:12,12:10,12:08,12:06,12:04,12:03,12:01,12:00,11:57,11:56,11:54,11:51,11:49
W_NOBORI_063,weekday,本通方面,本通,12:37,12:36,12:34,12:33,12:31,12:29,12:27,12:25,12:23,12:22,12:20,12:18,12:16,12:14,12:13,12:11,12:10,12:07,12:06,12:04,12:01,11:59
W_NOBORI_064,weekday,本通方面,本通,12:47,12:46,12:44,12:43,12:41,12:39,12:37,12:35,12:33,12:32,12:30,12:28,12:26,12:24,12:23,12:21,12:20,12:17,12:16,12:14,12:11,12:09
W_NOBORI_065,weekday,本通方面,本通,12:57,12:56,12:54,12:53,12:51,12:49,12:47,12:45,12:43,12:42,12:40,12:38,12:36,12:34,12:33,12:31,12:30,12:27,12:26,12:24,12:21,12:19
W_NOBORI_066,weekday,本通方面,本通,13:07,13:06,13:04,13:03,13:01,12:59,12:57,12:55,12:53,12:52,12:50,12:48,12:46,12:44,12:43,12:41,12:40,12:37,12:36,12:34,12:31,12:29
W_NOBORI_067,weekday,本通方面,本通,13:17,13:16,13:14,13:13,13:11,13:09,13:07,13:05,13:03,13:02,13:00,12:58,12:56,12:54,12:53,12:51,12:50,12:47,12:46,12:44,12:41,12:39
W_NOBORI_068,weekday,本通方面,本通,13:27,13:26,13:24,13:23,13:21,13:19,13:17,13:15,13:13,13:12,13:10,13:08,13:06,13:04,13:03,13:01,13:00,12:57,12:56,12:54,12:51,12:49
W_NOBORI_069,weekday,本通方面,本通,13:37,13:36,13:34,13:33,13:31,13:29,13:27,13:25,13:23,13:22,13:20,13:18,13:16,13:14,13:13,13:11,13:10,13:07,13:06,13:04,13:01,12:59
W_NOBORI_070,weekday,本通方面,本通,13:47,13:46,13:44,13:43,13:41,13:39,13:37,13:35,13:33,13:32,13:30,13:28,13:26,13:24,13:23,13:21,13:20,13:17,13:16,13:14,13:11,13:09
W_NOBORI_071,weekday,本通方面,本通,13:57,13:56,13:54,13:53,13:51,13:49,13:47,13:45,13:43,13:42,13:40,13:38,13:36,13:34,13:33,13:31,13:30,13:27,13:26,13:24,13:21,13:19
W_NOBORI_072,weekday,本通方面,本通,14:07,14:06,14:04,14:03,14:01,13:59,13:57,13:55,13:53,13:52,13:50,13:48,13:46,13:44,13:43,13:41,13:40,13:37,13:36,13:34,13:31,13:29
W_NOBORI_073,weekday,本通方面,本通,14:17,14:16,14:14,14:13,14:11,14:09,14:07,14:05,14:03,14:02,14:00,13:58,13:56,13:54,13:53,13:51,13:50,13:47,13:46,13:44,13:41,13:39
W_NOBORI_074,weekday,本通方面,本通,14:27,14:26,14:24,14:23,14:21,14:19,14:17,14:15,14:13,14:12,14:10,14:08,14:06,14:04,14:03,14:01,14:00,13:57,13:56,13:54,13:51,13:49
W_NOBORI_075,weekday,本通方面,本通,14:37,14:36,14:34,14:33,14:31,14:29,14:27,14:25,14:23,14:22,14:20,14:18,14:16,14:14,14:13,14:11,14:10,14:07,14:06,14:04,14:01,13:59
W_NOBORI_076,weekday,本通方面,本通,14:47,14:46,14:44,14:43,14:41,14:39,14:37,14:35,14:33,14:32,14:30,14:28,14:26,14:24,14:23,14:21,14:20,14:17,14:16,14:14,14:11,14:09
W_NOBORI_077,weekday,本通方面,本通,14:57,14:56,14:54,14:53,14:51,14:49,14:47,14:45,14:43,14:42,14:40,14:38,14:36,14:34,14:33,14:31,14:30,14:27,14:26,14:24,14:21,14:19
W_NOBORI_078,weekday,本通方面,本通,15:07,15:06,15:04,15:03,15:01,14:59,14:57,14:55,14:53,14:52,14:50,14:48,14:46,14:44,14:43,14:41,14:40,14:37,14:36,14:34,14:31,14:29
W_NOBORI_079,weekday,本通方面,本通,15:17,15:16,15:14,15:13,15:11,15:09,15:07,15:05,15:03,15:02,15:00,14:58,14:56,14:54,14:53,14:51,14:50,14:47,14:46,14:44,14:41,14:39
W_NOBORI_080,weekday,本通方面,本通,15:27,15:26,15:24,15:23,15:21,15:19,15:17,15:15,15:13,15:12,15:10,15:08,15:06,15:04,15:03,15:01,15:00,14:57,14:56,14:54,14:51,14:49
W_NOBORI_081,weekday,本通方面,本通,15:37,15:36,15:34,15:33,15:31,15:29,15:27,15:25,15:23,15:22,15:20,15:18,15:16,15:14,15:13,15:11,15:10,15:07,15:06,15:04,15:01,14:59
W_NOBORI_082,weekday,本通方面,本通,15:47,15:46,15:44,15:43,15:41,15:39,15:37,15:35,15:33,15:32,15:30,15:28,15:26,15:24,15:23,15:21,15:20,15:17,15:16,15:14,15:11,15:09
W_NOBORI_083,weekday,本通方面,本通,15:57,15:56,15:54,15:53,15:51,15:49,15:47,15:45,15:43,15:42,15:40,15:38,15:36,15:34,15:33,15:31,15:30,15:27,15:26,15:24,15:21,15:19
W_NOBORI_084,weekday,本通方面,本通,16:07,16:06,16:04,16:03,16:01,15:59,15:57,15:55,15:53,15:52,15:50,15:48,15:46,15:44,15:43,15:41,15:40,15:37,15:36,15:34,15:31,15:29
W_NOBORI_085,weekday,本通方面,本通,16:17,16:16,16:14,16:13,16:11,16:09,16:07,16:05,16:03,16:02,16:00,15:58,15:56,15:54,15:53,15:51,15:50,15:47,15:46,15:44,15:41,15:39
W_NOBORI_086,weekday,本通方面,本通,16:27,16:26,16:24,16:23,16:21,16:19,16:17,16:15,16:13,16:12,16:10,16:08,16:06,16:04,16:03,16:01,16:00,15:57,15:56,15:54,15:51,15:49
W_NOBORI_087,weekday,本通方面,本通,16:37,16:36,16:34,16:33,16:31,16:29,16:27,16:25,16:23,16:22,16:20,16:18,16:16,16:14,16:13,16:11,16:10,16:07,16:06,16:04,16:01,15:59
W_NOBORI_088,weekday,本通方面,本通,16:46,16:45,16:43,16:42,16:40,16:38,16:36,16:34,16:32,16:31,16:29,16:27,16:25,16:23,16:22,16:20,16:19,16:16,16:15,16:13,16:10,16:08
W_NOBORI_089,weekday,本通方面,本通,16:56,16:55,16:53,16:52,16:50,16:48,16:46,16:44,16:42,16:41,16:39,16:37,16:35,16:33,16:32,16:30,16:29,16:26,16:25,16:23,16:20,16:18
W_NOBORI_090,weekday,本通方面,本通,17:06,17:05,17:03,17:02,17:00,16:58,16:56,16:54,16:52,16:51,16:49,16:47,16:45,16:43,16:42,16:40,16:39,16:36,16:35,16:33,16:30,16:28
W_NOBORI_092,weekday,本通方面,本通,17:17,17:16,17:14,17:13,17:11,17:09,17:07,17:05,17:03,17:02,17:00,16:58,16:56,16:54,16:53,16:51,16:50,16:47,16:46,16:44,16:41,16:39
W_NOBORI_091,weekday,本通方面,本通,17:12,17:11,17:09,17:08,17:06,17:04,17:02,17:00,16:58,16:57,16:55,16:53,16:51,16:49,16:48,16:46,,,,,,16:45
W_NOBORI_094,weekday,本通方面,本通,17:27,17:26,17:24,17:23,17:21,17:19,17:17,17:15,17:13,17:12,17:10,17:08,17:06,17:04,17:03,17:01,17:00,16:57,16:56,16:54,16:51,16:49
W_NOBORI_093,weekday,本通方面,本通,17:22,17:21,17:19,17:18,17:16,17:14,17:12,17:10,17:08,17:07,17:05,17:03,17:01,16:59,16:58,16:56,,,,,,16:55
W_NOBORI_096,weekday,本通方面,本通,17:37,17:36,17:34,17:33,17:31,17:29,17:27,17:25,17:23,17:22,17:20,17:18,17:16,17:14,17:13,17:11,17:10,17:07,17:06,17:04,17:01,16:59
W_NOBORI_095,weekday,本通方面,本通,17:32,17:31,17:29,17:28,17:26,17:24,17:22,17:20,17:18,17:17,17:15,17:13,17:11,17:09,17:08,17:06,,,,,,17:05
W_NOBORI_098,weekday,本通方面,本通,17:47,17:46,17:44,17:43,17:41,17:39,17:37,17:35,17:33,17:32,17:30,17:28,17:26,17:24,17:23,17:21,17:20,17:17,17:16,17:14,17:11,17:09
W_NOBORI_097,weekday,本通方面,本通,17:42,17:41,17:39,17:38,17:36,17:34,17:32,17:30,17:28,17:27,17:25,17:23,17:21,17:19,17:18,17:16,,,,,,17:15
W_NOBORI_100,weekday,本通方面,本通,17:57,17:56,17:54,17:53,17:51,17:49,17:47,17:45,17:43,17:42,17:40,17:38,17:36,17:34,17:33,17:31,17:30,17:27,17:26,17:24,17:21,17:19
W_NOBORI_099,weekday,本通方面,本通,17:52,17:51,17:49,17:48,17:46,17:44,17:42,17:40,17:38,17:37,17:35,17:33,17:31,17:29,17:28,17:26,,,,,,17:25
W_NOBORI_102,weekday,本通方面,本通,18:07,18:06,18:04,18:03,18:01,17:59,17:57,17:55,17:53,17:52,17:50,17:48,17:46,17:44,17:43,17:41,17:40,17:37,17:36,17:34,17:31,17:29
W_NOBORI_101,weekday,本通方面,本通,18:02,18:01,17:59,17:58,17:56,17:54,17:52,17:50,17:48,17:47,17:45,17:43,17:41,17:39,17:38,17:36,,,,,,17:35
W_NOBORI_104,weekday,本通方面,本通,18:17,18:16,18:14,18:13,18:11,18:09,18:07,18:05,18:03,18:02,18:00,17:58,17:56,17:54,17:53,17:51,17:50,17:47,17:46,17:44,17:41,17:39
W_NOBORI_103,weekday,本通方面,本通,18:12,18:11,18:09,18:08,18:06,18:04,18:02,18:00,17:58,17:57,17:55,17:53,17:51,17:49,17:48,17:46,,,,,,17:45
W_NOBORI_106,weekday,本通方面,本通,18:27,18:26,18:24,18:23,18:21,18:19,18:17,18:15,18:13,18:12,18:10,18:08,18:06,18:04,18:03,18:01,18:00,17:57,17:56,17:54,17:51,17:49
W_NOBORI_105,weekday,本通方面,本通,18:22,18:21,18:19,18:18,18:16,18:14,18:12,18:10,18:08,18:07,18:05,18:03,18:01,17:59,17:58,17:56,,,,,,17:55
W_NOBORI_108,weekday,本通方面,本通,18:37,18:36,18:34,18:33,18:31,18:29,18:27,18:25,18:23,18:22,18:20,18:18,18:16,18:14,18:13,18:11,18:10,18:07,18:06,18:04,18:01,17:59
W_NOBORI_107,weekday,本通方面,本通,18:32,18:31,18:29,18:28,18:26,18:24,18:22,18:20,18:18,18:17,18:15,18:13,18:11,18:09,18:08,18:06,,,,,,18:05
W_NOBORI_110,weekday,本通方面,本通,18:47,18:46,18:44,18:43,18:41,18:39,18:37,18:35,18:33,18:32,18:30,18:28,18:26,18:24,18:23,18:21,18:20,18:17,18:16,18:14,18:11,18:09
W_NOBORI_109,weekday,本通方面,本通,18:42,18:41,18:39,18:38,18:36,18:34,18:32,18:30,18:28,18:27,18:25,18:23,18:21,18:19,18:18,18:16,,,,,,18:15
W_NOBORI_112,weekday,本通方面,本通,18:58,18:57,18:55,18:54,18:52,18:50,18:48,18:46,18:44,18:43,18:41,18:39,18:37,18:35,18:34,18:32,18:31,18:28,18:27,18:25,18:22,18:20
W_NOBORI_111,weekday,本通方面,本通,18:52,18:51,18:49,18:48,18:46,18:44,18:42,18:40,18:38,18:37,18:35,18:33,18:31,18:29,18:28,18:26,,,,,,18:25
W_NOBORI_114,weekday,本通方面,本通,19:10,19:09,19:07,19:06,19:04,19:02,19:00,18:58,18:56,18:55,18:53,18:51,18:49,18:47,18:46,18:44,18:43,18:40,18:39,18:37,18:34,18:32
W_NOBORI_113,weekday,本通方面,本通,19:04,19:03,19:01,19:00,18:58,18:56,18:54,18:52,18:50,18:49,18:47,18:45,18:43,18:41,18:40,18:38,,,,,,18:37
W_NOBORI_116,weekday,本通方面,本通,19:22,19:21,19:19,19:18,19:16,19:14,19:12,19:10,19:08,19:07,19:05,19:03,19:01,18:59,18:58,18:56,18:55,18:52,18:51,18:49,18:46,18:44
W_NOBORI_115,weekday,本通方面,本通,19:16,19:15,19:13,19:12,19:10,19:08,19:06,19:04,19:02,19:01,18:59,18:57,18:55,18:53,18:52,18:50,,,,,,18:49
W_NOBORI_118,weekday,本通方面,本通,19:35,19:34,19:32,19:31,19:29,19:27,19:25,19:23,19:21,19:20,19:18,19:16,19:14,19:12,19:11,19:09,19:08,19:05,19:04,19:02,18:59,18:57
W_NOBORI_117,weekday,本通方面,本通,19:28,19:27,19:25,19:24,19:22,19:20,19:18,19:16,19:14,19:13,19:11,19:09,19:07,19:05,19:04,19:02,,,,,,19:01
W_NOBORI_120,weekday,本通方面,本通,19:49,19:48,19:46,19:45,19:43,19:41,19:39,19:37,19:35,19:34,19:32,19:30,19:28,19:26,19:25,19:23,19:22,19:19,19:18,19:16,19:13,19:11
W_NOBORI_119,weekday,本通方面,本通,19:42,19:41,19:39,19:38,19:36,19:34,19:32,19:30,19:28,19:27,19:25,19:23,19:21,19:19,19:18,19:16,,,,,,19:15
W_NOBORI_121,weekday,本通方面,本通,19:57,19:56,19:54,19:53,19:51,19:49,19:47,19:45,19:43,19:42,19:40,19:38,19:36,19:34,19:33,19:31,19:30,19:27,19:26,19:24,19:21,19:19
W_NOBORI_122,weekday,本通方面,本通,20:05,20:04,20:02,20:01,19:59,19:57,19:55,19:53,19:51,19:50,19:48,19:46,19:44,19:42,19:41,19:39,19:38,19:35,19:34,19:32,19:29,19:27
W_NOBORI_123,weekday,本通方面,本通,20:14,20:13,20:11,20:10,20:08,20:06,20:04,20:02,20:00,19:59,19:57,19:55,19:53,19:51,19:50,19:48,19:47,19:44,19:43,19:41,19:38,19:36
W_NOBORI_124,weekday,本通方面,本通,20:24,20:23,20:21,20:20,20:18,20:16,20:14,20:12,20:10,20:09,20:07,20:05,20:03,20:01,20:00,19:58,19:57,19:54,19:53,19:51,19:48,19:46
W_NOBORI_125,weekday,本通方面,本通,20:34,20:33,20:31,20:30,20:28,20:26,20:24,20:22,20:20,20:19,20:17,20:15,20:13,20:11,20:10,20:08,20:07,20:04,20:03,20:01,19:58,19:56
W_NOBORI_126,weekday,本通方面,本通,20:44,20:43,20:41,20:40,20:38,20:36,20:34,20:32,20:30,20:29,20:27,20:25,20:23,20:21,20:20,20:18,20:17,20:14,20:13,20:11,20:08,20:06
W_NOBORI_127,weekday,本通方面,本通,20:54,20:53,20:51,20:50,20:48,20:46,20:44,20:42,20:40,20:39,20:37,20:35,20:33,20:31,20:30,20:28,20:27,20:24,20:23,20:21,20:18,20:16
W_NOBORI_128,weekday,本通方面,本通,21:04,21:03,21:01,21:00,20:58,20:56,20:54,20:52,20:50,20:49,20:47,20:45,20:43,20:41,20:40,20:38,20:37,20:34,20:33,20:31,20:28,20:26
W_NOBORI_129,weekday,本通方面,本通,21:14,21:13,21:11,21:10,21:08,21:06,21:04,21:02,21:00,20:59,20:57,20:55,20:53,20:51,20:50,20:48,20:47,20:44,20:43,20:41,20:38,20:36
W_NOBORI_130,weekday,本通方面,本通,21:24,21:23,21:21,21:20,21:18,21:16,21:14,21:12,21:10,21:09,21:07,21:05,21:03,21:01,21:00,20:58,20:57,20:54,20:53,20:51,20:48,20:46
W_NOBORI_131,weekday,本通方面,本通,21:34,21:33,21:31,21:30,21:28,21:26,21:24,21:22,21:20,21:19,21:17,21:15,21:13,21:11,21:10,21:08,21:07,21:04,21:03,21:01,20:58,20:56
W_NOBORI_132,weekday,本通方面,本通,21:45,21:44,21:42,21:41,21:39,21:37,21:35,21:33,21:31,21:30,21:28,21:26,21:24,21:22,21:21,21:19,21:18,21:15,21:14,21:12,21:09,21:07
W_NOBORI_133,weekday,本通方面,本通,21:56,21:55,21:53,21:52,21:50,21:48,21:46,21:44,21:42,21:41,21:39,21:37,21:35,21:33,21:32,21:30,21:29,21:26,21:25,21:23,21:20,21:18
W_NOBORI_134,weekday,本通方面,本通,22:08,22:07,22:05,22:04,22:02,22:00,21:58,21:56,21:54,21:53,21:51,21:49,21:47,21:45,21:44,21:42,21:41,21:38,21:37,21:35,21:32,21:30
W_NOBORI_135,weekday,本通方面,本通,22:20,22:19,22:17,22:16,22:14,22:12,22:10,22:08,22:06,22:05,22:03,22:01,21:59,21:57,21:56,21:54,21:53,21:50,21:49,21:47,21:44,21:42
W_NOBORI_136,weekday,本通方面,本通,22:32,22:31,22:29,22:28,22:26,22:24,22:22,22:20,22:18,22:17,22:15,22:13,22:11,22:09,22:08,22:06,22:05,22:02,22:01,21:59,21:56,21:54
W_NOBORI_137,weekday,本通方面,本通,22:45,22:44,22:42,22:41,22:39,22:37,22:35,22:33,22:31,22:30,22:28,22:26,22:24,22:22,22:21,22:19,22:18,22:15,22:14,22:12,22:09,22:07
W_NOBORI_138,weekday,本通方面,本通,22:58,22:57,22:55,22:54,22:52,22:50,22:48,22:46,22:44,22:43,22:41,22:39,22:37,22:35,22:34,22:32,22:31,22:28,22:27,22:25,22:22,22:20
W_NOBORI_139,weekday,本通方面,本通,23:11,23:10,23:08,23:07,23:05,23:03,23:01,22:59,22:57,22:56,22:54,22:52,22:50,22:48,22:47,22:45,22:44,22:41,22:40,22:38,22:35,22:33
W_NOBORI_140,weekday,本通方面,本通,23:24,23:23,23:21,23:20,23:18,23:16,23:14,23:12,23:10,23:09,23:07,23:05,23:03,23:01,23:00,22:58,22:57,22:54,22:53,22:51,22:48,22:46
W_NOBORI_141,weekday,本通方面,本通,23:36,23:35,23:33,23:32,23:30,23:28,23:26,23:24,23:22,23:21,23:19,23:17,23:15,23:13,23:12,23:10,23:09,23:06,23:05,23:03,23:00,22:58
W_NOBORI_142,weekday,本通方面,本通,23:48,23:47,23:45,23:44,23:42,23:40,23:38,23:36,23:34,23:33,23:31,23:29,23:27,23:25,23:24,23:22,23:21,23:18,23:17,23:15,23:12,23:10
W_NOBORI_143,weekday,本通方面,本通,24:01,24:00,23:58,23:57,23:55,23:53,23:51,23:49,23:47,23:46,23:44,23:42,23:40,23:38,23:37,23:35,23:34,23:31,23:30,23:28,23:25,23:23
W_NOBORI_144,weekday,本通方面,本通,24:13,24:12,24:09,24:08,24:07,24:05,24:03,24:01,23:59,23:57,23:55,23:54,23:52,23:50,23:48,23:47,23:46,23:43,23:41,23:39,23:37,23:35
